BC187_Deleterious_Genes,BY4743_Deleterious_Genes,DBVPG1373_Deleterious_Genes,NCYC3290_Deleterious_Genes,Y12_Deleterious_Genes,Y2209_Deleterious_Genes,Y389_Deleterious_Genes,Y7568_Deleterious_Genes,YJM1273_Deleterious_Genes,YJM1389_Deleterious_Genes,YJM1592_Deleterious_Genes,YJM978_Deleterious_Genes,YPS128_Deleterious_Genes,YPS163_Deleterious_Genes
YAL010C,YBR160W,YAL016W,YAL010C,YAL010C,YER037W,YAL039C,YBR045C,YBL019W,YAL020C,YDL007W,YBR083W,YAL016W,YBL006C
YAL039C,YCR008W,YAL027W,YAL016W,YAL020C,YJL156C,YBR003W,YBR261C,YBL021C,YAL030W,YDL089W,YCL031C,YAR035W,YBL008W-A
YBR005W,YDL007W,YAL039C,YAL020C,YAL027W,YJL186W,YBR030W,YCL031C,YBL036C,YAL059W,YGL258W,YDL155W,YBR022W,YBL016W
YBR074W,YDL106C,YAL059W,YAL027W,YAL030W,YML105C,YBR074W,YCR010C,YBR029C,YAR035W,YGR185C,YDL199C,YBR029C,YBL069W
YBR132C,YDL129W,YBL021C,YAL030W,YAL059W,YNL249C,YBR148W,YDL102W,YBR061C,YBL006C,YHL001W,YDR317W,YBR037C,YBR005W
YCL031C,YDR109C,YBL036C,YBL016W,YAR035W,YOR211C,YBR160W,YDL106C,YBR067C,YBL008W-A,YLR408C,YEL050C,YBR061C,YBR013C
YDL149W,YDR143C,YBL069W,YBL019W,YBL006C,YOR365C,YBR257W,YDL149W,YBR177C,YBL019W,YBL002W,YER054C,YBR230W-A,YBR030W
YDL243C,YDR175C,YBL107C,YBL064C,YBL008W-A,YBR066C,YCR094W,YDR122W,YCR010C,YBL064C,YBL010C,YER062C,YCL052C,YBR037C
YDR079W,YDR249C,YBR011C,YBL107C,YBL016W,YFR023W,YDL106C,YDR175C,YCR069W,YBL069W,YCR068W,YER109C,YCR020C-A,YBR056W-A
YDR122W,YDR297W,YBR013C,YBR003W,YBL021C,YLR098C,YDL120W,YDR315C,YCR083W,YBR011C,YDL083C,YFL001W,YDL012C,YBR065C
YDR317W,YEL063C,YBR045C,YBR037C,YBL064C,YLR300W,YDL203C,YDR332W,YDL085W,YBR022W,YDR425W,YGR237C,YDL121C,YBR205W
YDR332W,YER023W,YBR056W-A,YBR050C,YBL107C,YMR171C,YDR122W,YDR362C,YDL155W,YBR050C,YGR204W,YIL099W,YDL179W,YCR010C
YDR454C,YER039C-A,YBR060C,YBR056W-A,YBR003W,YOR382W,YDR536W,YDR534C,YDL175C,YBR060C,YLL009C,YIL106W,YDL181W,YCR020C-A
YEL002C,YER054C,YBR065C,YBR061C,YBR005W,YBR093C,YEL051W,YEL032W,YDR065W,YBR067C,YLR064W,YJR104C,YDR156W,YDL085C-A
YER034W,YER080W,YBR088C,YBR065C,YBR011C,YCR090C,YER058W,YER049W,YDR079C-A,YBR074W,YLR093C,YKL087C,YEL006W,YDL199C
YER037W,YER137C,YBR132C,YBR137W,YBR013C,YLL023C,YER062C,YER054C,YDR116C,YBR083W,YLR204W,YKR035W-A,YEL063C,YDL203C
YER062C,YFL001W,YBR141C,YBR147W,YBR022W,,YER094C,YER109C,YDR121W,YBR088C,YLR226W,YLR306W,YER012W,YDR079W
YER180C-A,YFL027C,YBR147W,YBR193C,YBR029C,,YFR003C,YGL145W-1,YDR148C,YBR137W,YMR144W,YML050W,YER071C,YDR145W
YFL001W,YFR037C,YBR199W,YBR199W,YBR030W,,YFR026C,YGR071C,YDR363W-A,YBR141C,YMR198W,YMR187C,YER175W-A,YDR156W
YFR006W,YGL142C,YBR253W,YBR253W,YBR045C,,YFR027W,YGR101W,YDR437W,YBR148W,YNR026C,YNL260C,YGR004W,YDR321W
YFR037C,YGL168W,YBR299W,YBR261C,YBR050C,,YFR055W,YGR165W,YDR454C,YBR177C,YOR215C,YOL014W,YGR088W,YDR330W
YGL205W,YGR174C,YCR005C,YBR299W,YBR060C,,YGL037C,YGR197C,YEL026W,YBR193C,YBR182C-A,YPL121C,YGR158C,YDR346C
YGL258W,YGR211W,YCR015C,YCL042W,YBR067C,,YGL127C,YJL019W,YER012W,YBR205W,YOR145C,YDR490C,YGR206W,YDR437W
YGR027C,YGR254W,YCR020C-A,YCR008W,YBR083W,,YGL205W,YJL033W,YER023W,YBR230W-A,,YEL017C-A,YHR017W,YDR468C
YGR043C,YIL051C,YCR069W,YCR015C,YBR088C,,YGR016W,YJL186W,YER039C-A,YBR257W,,YFL042C,YHR032W,YDR478W
YGR165W,YJL091C,YDL017W,YCR027C,YBR132C,,YGR158C,YJR153W,YER175W-A,YBR299W,,YGL028C,YHR171W,YDR514C
YHR071W,YKL100C,YDL089W,YCR046C,YBR137W,,YGR172C,YKR018C,YFL017C,YCL052C,,YHR179W,YIL067C,YDR515W
YHR092C,YKL204W,YDL129W,YCR079W,YBR141C,,YGR267C,YLL028W,YFL027C,YCR005C,,YIR015W,YJL023C,YDR532C
YIL051C,YKR087C,YDL150W,YCR094W,YBR147W,,YHL001W,YLR117C,YFL052W,YCR008W,,YJL027C,YJL143W,YEL002C
YIL092W,YLL028W,YDL170W,YDL012C,YBR148W,,YIL046W,YML035C,YFR025C,YCR027C,,YJR124C,YJL145W,YEL006W
YIR010W,YML031W,YDL179W,YDL017W,YBR160W,,YJL019W,YML076C,YFR051C,YCR046C,,YKL195W,YJL155C,YEL050C
YJL166W,YMR153W,YDL181W,YDL085W,YBR177C,,YJL166W,YMR078C,YGL018C,YCR079W,,YML069W,YKR070W,YER060W
YKL100C,YMR155W,YDR065W,YDL105W,YBR193C,,YJR141W,YMR100W,YGL082W,YCR083W,,YML125C,YLL038C,YFL027C
YKL191W,YMR174C,YDR079W,YDL120W,YBR199W,,YKL100C,YMR153W,YGL155W,YDL085C-A,,YMR004W,YLL060C,YFL029C
YKL201C,YMR253C,YDR090C,YDL121C,YBR205W,,YKL204W,YMR270C,YGL262W,YDL102W,,YMR098C,YLR208W,YFR026C
YKL214C,YMR258C,YDR148C,YDL149W,YBR230W-A,,YKR072C,YMR284W,YGR174C,YDL105W,,YNR038W,YLR274W,YFR037C
YKR035W-A,YNL032W,YDR175C,YDL150W,YBR253W,,YKR104W,YNL041C,YGR193C,YDL170W,,YPL107W,YLR426W,YGL063W
YKR072C,YNL260C,YDR197W,YDL175C,YBR257W,,YLL060C,YNL130C,YGR247W,YDL181W,,YPL172C,YMR085W,YGL065C
YLR238W,YNL292W,YDR236C,YDL203C,YBR261C,,YLR274W,YNL163C,YHR163W,YDL243C,,YPR025C,YMR099C,YGL168W
YML035C,YNL336W,YDR237W,YDR073W,YCL042W,,YLR328W,YNL272C,YIL009C-A,YDR073W,,YPR032W,YMR155W,YGL237C
YML078W,YNR032C-A,YDR249C,YDR090C,YCL052C,,YLR446W,YNL274C,YIR017C,YDR079C-A,,YCL069W,YMR208W,YGR035C
YMR078C,YOL010W,YDR296W,YDR108W,YCR005C,,YML035C,YPL013C,YJL062W-A,YDR108W,,YDR165W,YMR211W,YGR043C
YMR100W,YOL033W,YDR315C,YDR143C,YCR015C,,YMR078C,YPL122C,YJL063C,YDR109C,,YLR265C,YMR265C,YGR177C
YMR153W,YOL048C,YDR317W,YDR145W,YCR027C,,YMR173W,YPR124W,YJL183W,YDR116C,,YMR268C,YNL152W,YGR185C
YMR228W,YOL072W,YDR386W,YDR148C,YCR046C,,YMR313C,YBR036C,YJL194W,YDR121W,,,YNL290W,YGR193C
YMR258C,YOL137W,YDR399W,YDR197W,YCR069W,,YNL163C,YCR065W,YJL208C,YDR236C,,,YOL003C,YGR208W
YMR313C,YOR262W,YDR427W,YDR297W,YCR079W,,YNL217W,YDL075W,YJL209W,YDR237W,,,YOL111C,YGR232W
YNL130C,YOR378W,YDR478W,YDR323C,YCR083W,,YNL252C,YDL138W,YJR101W,YDR296W,,,YOL159C,YGR247W
YOL014W,YPL199C,YDR489W,YDR330W,YCR094W,,YNL274C,YDL169C,YJR142W,YDR321W,,,YOR008C-A,YHR008C
YOL159C-A,YBL055C,YDR515W,YDR362C,YDL007W,,YNL281W,YDR049W,YKL087C,YDR323C,,,YOR034C-A,YHR046C
YOR080W,YBR077C,YDR532C,YDR363W-A,YDL012C,,YOL053W,YDR462W,YKL137W,YDR346C,,,YOR074C,YHR071W
YOR164C,YDL097C,YDR533C,YDR480W,YDL017W,,YOL162W,YDR487C,YKL214C,YDR386W,,,YPL101W,YHR107C
YOR211C,YDL169C,YDR536W,YDR489W,YDL085C-A,,YOR040W,YGL056C,YKR035W-A,YDR399W,,,YPR041W,YHR134W
YOR288C,YDL176W,YEL062W,YDR515W,YDL085W,,YOR155C,YGR233C,YKR037C,YDR427W,,,YAL018C,YHR139C
YOR298W,YDL182W,YER007W,YDR534C,YDL089W,,YOR378W,YHR036W,YKR087C,YDR454C,,,YBR212W,YHR163W
YPL219W,YDR163W,YER023W,YEL032W,YDL102W,,YPL121C,YJL100W,YLL038C,YDR468C,,,YCL035C,YIL057C
YPL244C,YDR177W,YER042W,YEL056W,YDL105W,,YPL122C,YJL153C,YLL046C,YDR480W,,,YCR020C,YIL072W
YPL259C,YDR235W,YER060W,YEL062W,YDL120W,,YPR111W,YJR036C,YLR251W,YDR514C,,,YCR061W,YIL099W
YPR003C,YDR429C,YER067W,YER006W,YDL121C,,YAL018C,YJR051W,YLR306W,YDR533C,,,YCR065W,YIL132C
YPR124W,YDR490C,YER078C,YER007W,YDL129W,,YAR002W,YKL183W,YLR356W,YDR534C,,,YCR068W,YIR017C
YAR002W,YFL060C,YER143W,YER034W,YDL150W,,YBR220C,YKR008W,YLR408C,YDR536W,,,YDL099W,YIR021W
YBL091C-A,YFR005C,YER161C,YER037W,YDL155W,,YCR061W,YKR015C,YLR443W,YEL002C,,,YDL183C,YIR038C
YBR125C,YGR036C,YER163C,YER042W,YDL170W,,YDR032C,YLL033W,YLR459W,YEL026W,,,YDR058C,YJL096W
YBR180W,YGR095C,YER186C,YER049W,YDL175C,,YFR011C,YLR001C,YML081C-A,YEL051W,,,YER066W,YJL115W
YBR186W,YGR163W,YFL012W,YER060W,YDL179W,,YGL001C,YLR049C,YMR079W,YEL056W,,,YGL171W,YJL208C
YCL035C,YGR252W,YFR006W,YER067W,YDL199C,,YGL043W,YLR266C,YMR085W,YEL062W,,,YGR207C,YJL210W
YCL051W,YHL012W,YFR027W,YER071C,YDL243C,,YGR020C,YLR300W,YMR094W,YER006W,,,YGR268C,YJR142W
YDL138W,YKL222C,YFR044C,YER109C,YDR065W,,YGR130C,YMR031C,YMR183C,YER058W,,,YHR143W,YKL013C
YDL189W,YKR060W,YGL018C,YER137C,YDR073W,,YGR168C,YMR215W,YMR194C-B,YER078C,,,YIL024C,YKL016C
YDR162C,YKR091W,YGL040C,YER146W,YDR079C-A,,YHL031C,YMR291W,YMR244C-A,YER080W,,,YJR024C,YKL143W
YDR231C,YLL004W,YGL058W,YER163C,YDR090C,,YIL127C,YNL315C,YMR270C,YER094C,,,YJR060W,YKL191W
YDR259C,YLR001C,YGL065C,YER186C,YDR108W,,YJL141C,YOL043C,YMR278W,YER143W,,,YKL120W,YKL221W
YDR379W,YLR056W,YGL067W,YFL012W,YDR109C,,YJR095W,YOL091W,YMR292W,YER146W,,,YKL141W,YKR024C
YER141W,YLR066W,YGL091C,YFL017C,YDR116C,,YJR119C,YOR122C,YMR297W,YER161C,,,YKR061W,YKR049C
YFL016C,YLR346C,YGL127C,YFL029C,YDR121W,,YJR144W,YOR156C,YMR315W-A,YER180C-A,,,YLR085C,YKR087C
YFR023W,YMR076C,YGL142C,YFL045C,YDR143C,,YKL089W,YOR293C-A,YNL058C,YFL017C,,,YMR018W,YKR104W
YGL001C,YMR098C,YGL155W,YFR045W,YDR145W,,YKR002W,YOR311C,YNL113W,YFL045C,,,YMR148W,YLR018C
YGL028C,YMR241W,YGL185C,YFR051C,YDR156W,,YLR077W,YPR075C,YNL131W,YFL052W,,,YNL149C,YLR021W
YGL154C,YMR291W,YGL237C,YGL004C,YDR197W,,YLR266C,YAL067C,YNL260C,YFR003C,,,YOL038W,YLR100W
YGL202W,YNL001W,YGL246C,YGL040C,YDR236C,,YLR286C,YBR298C,YNL272C,YFR025C,,,YOR286W,YLR117C
YGR109C,YNL084C,YGR035C,YGL058W,YDR237W,,YML069W,YCR084C,YNL277W,YFR044C,,,YOR354C,YLR146C
YGR146C-A,YNL258C,YGR037C,YGL082W,YDR249C,,YNL262W,YDR359C,YNL280C,YFR045W,,,YPL272C,YLR163C
YGR210C,YNL288W,YGR053C,YGL145W-1,YDR296W,,YOL055C,YDR523C,YNL290W,YFR055W,,,YPR200C,YLR201C
YGR268C,YOR001W,YGR071C,YGL258W,YDR297W,,YOR006C,YER113C,YNL291C,YGL004C,,,YDR087C,YLR251W
YHR182W,YOR142W,YGR104C,YGL262W,YDR315C,,YPL054W,YGL013C,YNL334C,YGL037C,,,YGR076C,YLR352W
YIL023C,YOR382W,YGR127W,YGR017W,YDR321W,,YPR085C,YHR005C,YNR057C,YGL063W,,,YHL042W,YLR353W
YJL059W,YPL240C,YGR167W,YGR021W,YDR323C,,YDL101C,YJR002W,YOL147C,YGL067W,,,YJL072C,YLR363W-A
YJL066C,YPR138C,YGR206W,YGR027C,YDR330W,,YDL136W,YKR039W,YOR004W,YGL091C,,,YMR312W,YLR390W
YJL103C,YBR059C,YGR208W,YGR029W,YDR332W,,YDR311W,YLL054C,YOR150W,YGL155W,,,YNL284C,YLR426W
YJL121C,YBR140C,YGR232W,YGR030C,YDR346C,,YDR472W,YLL061W,YOR197W,YGL185C,,,YNL309W,YML078W
YJL196C,YDL213C,YGR237C,YGR037C,YDR362C,,YGL041C-B,YNL210W,YOR304W,YGL205W,,,YOR362C,YML081C-A
YJL218W,YDR113C,YGR262C,YGR053C,YDR363W-A,,YGR253C,YOR310C,YPL013C,YGL246C,,,YPR057W,YMR029C
YJR036C,YDR257C,YHL015W-A,YGR127W,YDR386W,,YHL002W,,YPL041C,YGR004W,,,,YMR079W
YKL003C,YER048C,YHL032C,YGR172C,YDR399W,,YJL108C,,YPL121C,YGR016W,,,,YMR094W
YKL011C,YER092W,YHR046C,YGR211W,YDR427W,,YLR177W,,YPR159C-A,YGR017W,,,,YMR096W
YKL144C,YFR032C-B,YHR071W,YHL011C,YDR437W,,YLR405W,,YBL018C,YGR021W,,,,YMR097C
YKR044W,YHR177W,YHR076W,YHR001W-A,YDR468C,,YMR133W,,YBL078C,YGR029W,,,,YMR104C
YLR056W,YIL083C,YHR088W,YHR008C,YDR478W,,YMR244W,,YBR185C,YGR030C,,,,YMR183C
YLR077W,YIL158W,YHR092C,YHR032W,YDR480W,,YNL128W,,YDL046W,YGR071C,,,,YMR211W
YLR103C,YJL174W,YHR107C,YHR075C,YDR489W,,YNL270C,,YDR032C,YGR088W,,,,YMR244C-A
YLR316C,YJR098C,YHR110W,YHR076W,YDR514C,,YOR127W,,YDR059C,YGR101W,,,,YMR292W
YMR031C,YLR231C,YHR134W,YHR101C,YDR532C,,YPL123C,,YDR225W,YGR104C,,,,YMR305C
YMR161W,YML007C-A,YHR140W,YHR107C,YDR533C,,YPR001W,,YDR244W,YGR167W,,,,YNL058C
YMR215W,YML027W,YHR163W,YHR110W,YEL006W,,YPR107C,,YGL159W,YGR177C,,,,YNL152W
YNL001W,YMR105W-A,YHR171W,YHR132C,YEL026W,,,,YGL174W,YGR197C,,,,YNL191W
YNL036W,YMR117C,YHR181W,YHR139C,YEL032W,,,,YHL015W,YGR211W,,,,YNL196C
YNL177C,YOL031C,YHR191C,YIL046W,YEL050C,,,,YHR151C,YGR237C,,,,YNL334C
YNL269W,YOL038C-A,YIL057C,YIL072W,YEL051W,,,,YHR160C,YGR254W,,,,YOL048C
YNL332W,YOL139C,YIL087C,YIL087C,YEL056W,,,,YIL024C,YGR262C,,,,YOL068C
YNR040W,YPL001W,YIL092W,YIL102C,YEL063C,,,,YIL044C,YGR267C,,,,YOL071W
YNR058W,YPL074W,YIL102C,YIL157C,YER006W,,,,YIL152W,YHL001W,,,,YOL088C
YOL055C,YPL229W,YIL106W,YIR035C,YER007W,,,,YIR005W,YHL011C,,,,YOL159C-A
YOL056W,,YIL121W,YJL019W,YER012W,,,,YIR039C,YHL015W-A,,,,YOR033C
YOL091W,,YIL157C,YJL033W,YER034W,,,,YJR024C,YHL032C,,,,YOR034C-A
YOR001W,,YIR010W,YJL063C,YER039C-A,,,,YJR050W,YHR001W-A,,,,YOR062C
YOR122C,,YJL060W,YJL091C,YER042W,,,,YJR078W,YHR017W,,,,YOR131C
YOR156C,,YJL104W,YJL096W,YER049W,,,,YJR080C,YHR075C,,,,YOR164C
YOR159C,,YJL145W,YJL104W,YER058W,,,,YJR082C,YHR088W,,,,YOR197W
YOR215C,,YJL155C,YJL115W,YER067W,,,,YKL037W,YHR101C,,,,YOR279C
YOR349W,,YJL186W,YJL127C,YER071C,,,,YKL095W,YHR132C,,,,YOR285W
YPL054W,,YJL208C,YJL145W,YER078C,,,,YKR080W,YHR134W,,,,YOR344C
YPL124W,,YJL209W,YJL217W,YER080W,,,,YKR091W,YHR140W,,,,YOR357C
YPR032W,,YJR101W,YJR104C,YER094C,,,,YLL025W,YHR181W,,,,YOR378W
YPR091C,,YJR104C,YJR153W,YER137C,,,,YLR051C,YHR191C,,,,YPL130W
YPR141C,,YJR115W,YKL013C,YER143W,,,,YLR113W,YIL009C-A,,,,YPL159C
YBR279W,,YJR153W,YKL116C,YER146W,,,,YLR226W,YIL051C,,,,YPL245W
YDR120C,,YKL013C,YKL137W,YER161C,,,,YLR321C,YIL057C,,,,YPR066W
YDR465C,,YKL071W,YKL145W,YER163C,,,,YML038C,YIL067C,,,,YPR108W
YGL197W,,YKL086W,YKR018C,YER175W-A,,,,YML079W,YIL087C,,,,YPR167C
YGR001C,,YKL087C,YKR037C,YER180C-A,,,,YML125C,YIL099W,,,,YBR058C-A
YGR128C,,YKL116C,YKR072C,YER186C,,,,YNL046W,YIL121W,,,,YBR063C
YGR143W,,YKL137W,YKR085C,YFL012W,,,,YNL062C,YIL132C,,,,YBR091C
YGR173W,,YKL143W,YLL046C,YFL029C,,,,YNL156C,YIL157C,,,,YBR200W-A
YLR045C,,YKL159C,YLR018C,YFL045C,,,,YNL204C,YIR021W,,,,YBR204C
YNL117W,,YKL191W,YLR022C,YFL052W,,,,YOL151W,YIR035C,,,,YCL001W
YNL263C,,YKL201C,YLR070C,YFR003C,,,,YOR020W-A,YIR038C,,,,YCL001W-A
YNR019W,,YKL221W,YLR118C,YFR006W,,,,YOR103C,YJL023C,,,,YCL051W
YNR023W,,YKR024C,YLR146C,YFR025C,,,,YOR237W,YJL060W,,,,YCR087C-A
YOL023W,,YKR070W,YLR192C,YFR026C,,,,YOR283W,YJL062W-A,,,,YDL059C
YOR061W,,YKR078W,YLR238W,YFR027W,,,,YOR286W,YJL115W,,,,YDL217C
YOR172W,,YKR085C,YLR251W,YFR044C,,,,YOR316C,YJL127C,,,,YDL235C
YPR023C,,YLL038C,YLR263W,YFR045W,,,,YPL181W,YJL143W,,,,YDR152W
,,YLL051C,YLR352W,YFR051C,,,,YPR101W,YJL156C,,,,YDR244W
,,YLR021W,YLR435W,YFR055W,,,,YPR192W,YJL183W,,,,YDR253C
,,YLR022C,YLR443W,YGL004C,,,,YAR002C-A,YJL194W,,,,YEL001C
,,YLR070C,YLR459W,YGL018C,,,,YDR222W,YJL210W,,,,YEL066W
,,YLR100W,YML019W,YGL037C,,,,YGR040W,YJL217W,,,,YFR011C
,,YLR118C,YML031W,YGL040C,,,,YHR189W,YJR115W,,,,YFR039C
,,YLR120C,YML105C,YGL058W,,,,YJR059W,YJR141W,,,,YGL043W
,,YLR141W,YML129C,YGL063W,,,,YNL190W,YKL016C,,,,YGR015C
,,YLR146C,YMR040W,YGL065C,,,,YNL289W,YKL071W,,,,YGR035W-A
,,YLR192C,YMR065W,YGL067W,,,,YOR185C,YKL086W,,,,YGR146C-A
,,YLR201C,YMR099C,YGL082W,,,,YOR238W,YKL145W,,,,YGR168C
,,YLR263W,YMR166C,YGL091C,,,,YPL135W,YKL159C,,,,YGR233C
,,YLR306W,YMR187C,YGL127C,,,,YPL189C-A,YKL201C,,,,YGR236C
,,YLR353W,YMR193W,YGL142C,,,,,YKR018C,,,,YHL039W
,,YLR356W,YMR194C-B,YGL145W-1,,,,,YKR049C,,,,YHR033W
,,YLR369W,YMR228W,YGL168W,,,,,YKR078W,,,,YHR034C
,,YLR435W,YMR234W,YGL185C,,,,,YKR085C,,,,YHR153C
,,YML019W,YMR240C,YGL237C,,,,,YLL028W,,,,YHR210C
,,YML050W,YMR244C-A,YGL246C,,,,,YLL051C,,,,YIL152W
,,YML071C,YMR289W,YGL262W,,,,,YLR022C,,,,YIL154C
,,YML078W,YMR313C,YGR004W,,,,,YLR117C,,,,YIR005W
,,YML098W,YMR315W-A,YGR016W,,,,,YLR120C,,,,YJL037W
,,YML111W,YNL005C,YGR017W,,,,,YLR141W,,,,YJL077C
,,YML129C,YNL010W,YGR021W,,,,,YLR163C,,,,YJR057W
,,YMR029C,YNL032W,YGR027C,,,,,YLR208W,,,,YJR060W
,,YMR034C,YNL041C,YGR029W,,,,,YLR328W,,,,YJR096W
,,YMR040W,YNL107W,YGR030C,,,,,YLR363W-A,,,,YJR116W
,,YMR065W,YNL113W,YGR035C,,,,,YLR369W,,,,YKL021C
,,YMR069W,YNL130C,YGR037C,,,,,YLR390W,,,,YKL037W
,,YMR079W,YNL196C,YGR043C,,,,,YLR408C,,,,YLL006W-A
,,YMR099C,YNL249C,YGR053C,,,,,YLR446W,,,,YLR020C
,,YMR110C,YNL252C,YGR088W,,,,,YML031W,,,,YLR147C
,,YMR166C,YNL274C,YGR101W,,,,,YML071C,,,,YLR246W
,,YMR174C,YNL291C,YGR104C,,,,,YML076C,,,,YLR325C
,,YMR183C,YNL292W,YGR127W,,,,,YML098W,,,,YLR345W
,,YMR187C,YNL312W,YGR158C,,,,,YML105C,,,,YLR412C-A
,,YMR224C,YNL334C,YGR165W,,,,,YML111W,,,,YLR445W
,,YMR234W,YNL336W,YGR167W,,,,,YMR069W,,,,YMR139W
,,YMR236W,YNR027W,YGR172C,,,,,YMR096W,,,,YMR175W
,,YMR240C,YNR057C,YGR174C,,,,,YMR097C,,,,YNL084C
,,YMR247W-A,YNR062C,YGR177C,,,,,YMR100W,,,,YNL157W
,,YMR253C,YOL010W,YGR185C,,,,,YMR104C,,,,YNL162W-A
,,YMR265C,YOL053W,YGR193C,,,,,YMR110C,,,,YNL275W
,,YMR270C,YOL071W,YGR197C,,,,,YMR173W,,,,YOL077W-A
,,YMR278W,YOL093W,YGR206W,,,,,YMR193W,,,,YOR006C
,,YMR284W,YOL137W,YGR208W,,,,,YMR208W,,,,YOR022C
,,YMR289W,YOR008C-A,YGR232W,,,,,YMR224C,,,,YOR068C
,,YMR297W,YOR039W,YGR247W,,,,,YMR236W,,,,YOR100C
,,YNL002C,YOR057W,YGR254W,,,,,YMR240C,,,,YOR103C
,,YNL005C,YOR157C,YGR262C,,,,,YMR247W-A,,,,YOR120W
,,YNL010W,YOR161C,YGR267C,,,,,YMR253C,,,,YOR201C
,,YNL032W,YOR177C,YHL011C,,,,,YMR258C,,,,YOR316C
,,YNL107W,YOR193W,YHL015W-A,,,,,YMR297W,,,,YOR367W
,,YNL131W,YOR224C,YHL032C,,,,,YMR305C,,,,YOR376W-A
,,YNL217W,YOR236W,YHR001W-A,,,,,YNL002C,,,,YPL077C
,,YNL240C,YOR250C,YHR008C,,,,,YNL058C,,,,YPL213W
,,YNL265C,YOR262W,YHR017W,,,,,YNL191W,,,,YPR025C
,,YNL281W,YOR288C,YHR032W,,,,,YNL196C,,,,YPR192W
,,YNL336W,YOR298W,YHR046C,,,,,YNL217W,,,,YAL055W
,,YNR027W,YOR304W,YHR075C,,,,,YNL240C,,,,YBL049W
,,YNR032C-A,YOR323C,YHR076W,,,,,YNL249C,,,,YBL068W
,,YNR057C,YOR350C,YHR088W,,,,,YNL265C,,,,YCR007C
,,YNR075W,YPL041C,YHR092C,,,,,YNL277W,,,,YCR095W-A
,,YOL003C,YPL092W,YHR101C,,,,,YNL280C,,,,YDL069C
,,YOL013W-A,YPL122C,YHR110W,,,,,YNL281W,,,,YDL090C
,,YOL014W,YPL130W,YHR132C,,,,,YNL312W,,,,YDR101C
,,YOL104C,YPL188W,YHR139C,,,,,YNR032C-A,,,,YDR115W
,,YOL111C,YPL196W,YHR140W,,,,,YNR062C,,,,YDR328C
,,YOL146W,YPL199C,YHR171W,,,,,YNR075W,,,,YDR357C
,,YOL147C,YPL245W,YHR181W,,,,,YOL010W,,,,YDR394W
,,YOL164W-A,YPR013C,YHR191C,,,,,YOL013W-A,,,,YEL057C
,,YOR004W,YPR066W,YIL009C-A,,,,,YOL033W,,,,YGR105W
,,YOR028C,YPR167C,YIL046W,,,,,YOL053W,,,,YHR132W-A
,,YOR039W,YPR175W,YIL067C,,,,,YOL068C,,,,YIL010W
,,YOR062C,YAL028W,YIL072W,,,,,YOL072W,,,,YIL077C
,,YOR074C,YAR023C,YIL092W,,,,,YOL088C,,,,YIL124W
,,YOR080W,YBR020W,YIL102C,,,,,YOL093W,,,,YIR001C
,,YOR150W,YBR036C,YIL106W,,,,,YOL104C,,,,YJR003C
,,YOR157C,YBR058C-A,YIL121W,,,,,YOL146W,,,,YJR011C
,,YOR164C,YBR120C,YIL132C,,,,,YOL159C,,,,YLR211C
,,YOR224C,YBR125C,YIR010W,,,,,YOL162W,,,,YLR456W
,,YOR236W,YBR268W,YIR017C,,,,,YOL164W-A,,,,YMR274C
,,YOR250C,YBR271W,YIR021W,,,,,YOR028C,,,,YNR066C
,,YOR285W,YBR276C,YIR035C,,,,,YOR033C,,,,YOR338W
,,YOR288C,YBR301W,YIR038C,,,,,YOR040W,,,,YPL002C
,,YOR302W,YCL011C,YJL023C,,,,,YOR057W,,,,YPL072W
,,YOR304W,YCL050C,YJL033W,,,,,YOR080W,,,,YPL099C
,,YOR323C,YCR016W,YJL060W,,,,,YOR131C,,,,YPL111W
,,YOR344C,YCR043C,YJL062W-A,,,,,YOR155C,,,,YPL187W
,,YOR365C,YCR101C,YJL063C,,,,,YOR161C,,,,YPR093C
,,YPL034W,YDL075W,YJL091C,,,,,YOR177C,,,,
,,YPL051W,YDL078C,YJL096W,,,,,YOR193W,,,,
,,YPL092W,YDL083C,YJL104W,,,,,YOR197W,,,,
,,YPL101W,YDL099W,YJL127C,,,,,YOR211C,,,,
,,YPL171C,YDL146W,YJL143W,,,,,YOR279C,,,,
,,YPL183W-A,YDL182W,YJL155C,,,,,YOR302W,,,,
,,YPL245W,YDL189W,YJL156C,,,,,YOR323C,,,,
,,YPR003C,YDR092W,YJL166W,,,,,YOR344C,,,,
,,YPR011C,YDR218C,YJL183W,,,,,YOR350C,,,,
,,YPR013C,YDR235W,YJL194W,,,,,YOR357C,,,,
,,YPR066W,YDR256C,YJL209W,,,,,YPL034W,,,,
,,YPR111W,YDR319C,YJL210W,,,,,YPL051W,,,,
,,YPR159C-A,YDR425W,YJL217W,,,,,YPL171C,,,,
,,YPR175W,YDR429C,YJR101W,,,,,YPL183W-A,,,,
,,YPR176C,YDR462W,YJR115W,,,,,YPL188W,,,,
,,YAL015C,YDR473C,YJR141W,,,,,YPL196W,,,,
,,YAR003W,YDR508C,YJR142W,,,,,YPL199C,,,,
,,YAR023C,YDR531W,YKL016C,,,,,YPL219W,,,,
,,YBL011W,YEL001C,YKL071W,,,,,YPL244C,,,,
,,YBL018C,YEL016C,YKL086W,,,,,YPL259C,,,,
,,YBL055C,YEL066W,YKL116C,,,,,YPR011C,,,,
,,YBL056W,YER082C,YKL143W,,,,,YPR041W,,,,
,,YBR002C,YER180C,YKL145W,,,,,YPR108W,,,,
,,YBR007C,YER182W,YKL159C,,,,,YPR124W,,,,
,,YBR041W,YFL026W,YKL204W,,,,,YPR176C,,,,
,,YBR043C,YFR005C,YKL214C,,,,,YAL015C,,,,
,,YBR062C,YFR018C,YKL221W,,,,,YAR027W,,,,
,,YBR070C,YGL010W,YKR024C,,,,,YBL057C,,,,
,,YBR071W,YGL029W,YKR037C,,,,,YBL086C,,,,
,,YBR085C-A,YGL079W,YKR049C,,,,,YBR007C,,,,
,,YBR180W,YGL154C,YKR070W,,,,,YBR024W,,,,
,,YBR196C-B,YGL202W,YKR078W,,,,,YBR026C,,,,
,,YBR200W-A,YGL226C-A,YKR104W,,,,,YBR070C,,,,
,,YBR212W,YGR163W,YLL046C,,,,,YBR085C-A,,,,
,,YBR246W,YGR174W-A,YLL051C,,,,,YBR130C,,,,
,,YBR268W,YGR204C-A,YLL060C,,,,,YBR155W,,,,
,,YBR291C,YGR205W,YLR018C,,,,,YBR167C,,,,
,,YCL001W,YGR225W,YLR021W,,,,,YBR220C,,,,
,,YCL010C,YGR263C,YLR070C,,,,,YBR234C,,,,
,,YCL011C,YHL012W,YLR100W,,,,,YBR236C,,,,
,,YCL050C,YHR014W,YLR118C,,,,,YBR250W,,,,
,,YCL056C,YHR034C,YLR120C,,,,,YBR254C,,,,
,,YCR020C,YHR051W,YLR141W,,,,,YCL001W-A,,,,
,,YCR024C,YHR198C,YLR163C,,,,,YCL064C,,,,
,,YCR043C,YIL050W,YLR192C,,,,,YDL018C,,,,
,,YDL028C,YIL084C,YLR201C,,,,,YDL097C,,,,
,,YDL072C,YIL097W,YLR208W,,,,,YDL110C,,,,
,,YDL115C,YJL046W,YLR238W,,,,,YDL115C,,,,
,,YDL177C,YJL055W,YLR263W,,,,,YDL142C,,,,
,,YDL186W,YJL059W,YLR274W,,,,,YDL144C,,,,
,,YDL200C,YJR022W,YLR328W,,,,,YDL146W,,,,
,,YDL219W,YJR051W,YLR352W,,,,,YDL166C,,,,
,,YDR041W,YJR069C,YLR353W,,,,,YDL168W,,,,
,,YDR045C,YJR116W,YLR356W,,,,,YDR003W,,,,
,,YDR058C,YKL024C,YLR363W-A,,,,,YDR007W,,,,
,,YDR067C,YKL069W,YLR369W,,,,,YDR076W,,,,
,,YDR092W,YKL085W,YLR390W,,,,,YDR110W,,,,
,,YDR174W,YKL107W,YLR426W,,,,,YDR124W,,,,
,,YDR183W,YKL122C,YLR435W,,,,,YDR163W,,,,
,,YDR268W,YKL146W,YLR443W,,,,,YDR178W,,,,
,,YDR286C,YKR001C,YLR446W,,,,,YDR181C,,,,
,,YDR347W,YKR074W,YLR459W,,,,,YDR288W,,,,
,,YDR350C,YLL004W,YML019W,,,,,YDR339C,,,,
,,YDR410C,YLL009C,YML050W,,,,,YDR397C,,,,
,,YDR510W,YLL035W,YML071C,,,,,YDR487C,,,,
,,YDR541C,YLR151C,YML076C,,,,,YDR513W,,,,
,,YEL003W,YLR242C,YML081C-A,,,,,YDR517W,,,,
,,YER061C,YLR312C,YML098W,,,,,YEL017C-A,,,,
,,YER099C,YLR364W,YML111W,,,,,YER096W,,,,
,,YER115C,YLR380W,YML129C,,,,,YER128W,,,,
,,YER134C,YLR438C-A,YMR029C,,,,,YER148W,,,,
,,YER141W,YLR455W,YMR034C,,,,,YER185W,,,,
,,YFL026W,YML014W,YMR040W,,,,,YFL060C,,,,
,,YFL028C,YML018C,YMR065W,,,,,YFR018C,,,,
,,YFR049W,YML022W,YMR069W,,,,,YFR050C,,,,
,,YGL056C,YML047C,YMR085W,,,,,YGL080W,,,,
,,YGL080W,YML101C,YMR094W,,,,,YGL153W,,,,
,,YGL081W,YMR021C,YMR096W,,,,,YGL242C,,,,
,,YGL099W,YMR076C,YMR097C,,,,,YGL243W,,,,
,,YGL108C,YMR095C,YMR104C,,,,,YGR035W-A,,,,
,,YGL121C,YMR175W,YMR110C,,,,,YGR131W,,,,
,,YGL158W,YMR241W,YMR155W,,,,,YGR161C,,,,
,,YGL159W,YNL003C,YMR166C,,,,,YGR204W,,,,
,,YGL194C,YNL015W,YMR173W,,,,,YGR210C,,,,
,,YGL235W,YNL108C,YMR174C,,,,,YGR236C,,,,
,,YGL248W,YNL173C,YMR193W,,,,,YGR252W,,,,
,,YGL259W,YNL202W,YMR194C-B,,,,,YGR286C,,,,
,,YGL263W,YNL253W,YMR208W,,,,,YHR033W,,,,
,,YGR008C,YNL262W,YMR211W,,,,,YHR036W,,,,
,,YGR038W,YNL269W,YMR224C,,,,,YHR049W,,,,
,,YGR042W,YNL315C,YMR228W,,,,,YHR090C,,,,
,,YGR072W,YNL323W,YMR234W,,,,,YHR122W,,,,
,,YGR174W-A,YNL328C,YMR236W,,,,,YHR167W,,,,
,,YGR205W,YNR003C,YMR247W-A,,,,,YHR182W,,,,
,,YGR209C,YNR029C,YMR265C,,,,,YHR192W,,,,
,,YGR271C-A,YNR038W,YMR278W,,,,,YIL004C,,,,
,,YGR286C,YNR058W,YMR284W,,,,,YIL049W,,,,
,,YHL015W,YNR064C,YMR289W,,,,,YIR039C,,,,
,,YHL019C,YOL077W-A,YMR292W,,,,,YJL043W,,,,
,,YHR022C-A,YOL107W,YMR305C,,,,,YJL077C,,,,
,,YHR039C,YOL129W,YMR315W-A,,,,,YJL141C,,,,
,,YHR118C,YOR094W,YNL002C,,,,,YJL144W,,,,
,,YHR143W-A,YOR142W,YNL005C,,,,,YJR095W,,,,
,,YHR151C,YOR220W,YNL010W,,,,,YJR096W,,,,
,,YHR179W,YOR226C,YNL041C,,,,,YKL007W,,,,
,,YIL003W,YOR246C,YNL107W,,,,,YKL040C,,,,
,,YIL023C,YOR297C,YNL113W,,,,,YKL070W,,,,
,,YIL034C,YOR349W,YNL131W,,,,,YKL096W,,,,
,,YIL044C,YPL108W,YNL152W,,,,,YKL162C,,,,
,,YIL050W,YPL172C,YNL163C,,,,,YKL183W,,,,
,,YIL097W,YPL178W,YNL191W,,,,,YKL222C,,,,
,,YIR004W,YPL193W,YNL240C,,,,,YKR002W,,,,
,,YIR015W,YPL233W,YNL252C,,,,,YKR005C,,,,
,,YJL046W,YPL253C,YNL265C,,,,,YKR015C,,,,
,,YJL066C,YPR020W,YNL272C,,,,,YKR080W,,,,
,,YJL077W-B,YPR067W,YNL277W,,,,,YLL041C,,,,
,,YJL099W,YPR075C,YNL280C,,,,,YLL056C,,,,
,,YJL121C,YPR138C,YNL290W,,,,,YLR038C,,,,
,,YJL125C,YPR141C,YNL291C,,,,,YLR043C,,,,
,,YJL184W,YAL043C,YNL292W,,,,,YLR113W,,,,
,,YJL196C,YBL080C,YNL312W,,,,,YLR180W,,,,
,,YJR022W,YBL089W,YNR027W,,,,,YLR204W,,,,
,,YJR048W,YCR106W,YNR062C,,,,,YLR216C,,,,
,,YKL024C,YDL040C,YNR075W,,,,,YLR253W,,,,
,,YKL041W,YDL123W,YOL003C,,,,,YLR286C,,,,
,,YKL047W,YDL135C,YOL013W-A,,,,,YLR295C,,,,
,,YKL132C,YER038C,YOL033W,,,,,YLR412C-A,,,,
,,YKL167C,YER044C,YOL048C,,,,,YML036W,,,,
,,YKR026C,YFL051C,YOL068C,,,,,YML094W,,,,
,,YKR044W,YGL117W,YOL071W,,,,,YML116W,,,,
,,YKR060W,YGL231C,YOL072W,,,,,YMR021C,,,,
,,YLL033W,YGL250W,YOL088C,,,,,YMR092C,,,,
,,YLL035W,YGR077C,YOL093W,,,,,YMR121C,,,,
,,YLR016C,YGR132C,YOL104C,,,,,YMR171C,,,,
,,YLR049C,YGR142W,YOL111C,,,,,YMR230W-A,,,,
,,YLR063W,YGR195W,YOL137W,,,,,YMR261C,,,,
,,YLR064W,YGR250C,YOL146W,,,,,YMR314W,,,,
,,YLR066W,YHL022C,YOL147C,,,,,YMR318C,,,,
,,YLR093C,YHR202W,YOL159C,,,,,YNL003C,,,,
,,YLR242C,YIL117C,YOL159C-A,,,,,YNL079C,,,,
,,YLR253W,YIR003W,YOL162W,,,,,YNL185C,,,,
,,YLR254C,YJL024C,YOL164W-A,,,,,YNL206C,,,,
,,YLR283W,YJL213W,YOR004W,,,,,YNL218W,,,,
,,YLR312C,YJR062C,YOR008C-A,,,,,YNL304W,,,,
,,YLR316C,YKL027W,YOR028C,,,,,YNL317W,,,,
,,YLR321C,YLR013W,YOR033C,,,,,YNR026C,,,,
,,YLR345W,YLR019W,YOR034C-A,,,,,YOL007C,,,,
,,YLR346C,YLR097C,YOR039W,,,,,YOL038W,,,,
,,YLR364W,YLR107W,YOR040W,,,,,YOL082W,,,,
,,YLR431C,YLR284C,YOR057W,,,,,YOL097W-A,,,,
,,YLR445W,YLR436C,YOR062C,,,,,YOR089C,,,,
,,YML014W,YLR449W,YOR074C,,,,,YPL015C,,,,
,,YML018C,YML119W,YOR131C,,,,,YPL059W,,,,
,,YML021C,YMR137C,YOR150W,,,,,YPL096W,,,,
,,YML038C,YNL096C,YOR155C,,,,,YPL107W,,,,
,,YMR004W,YNR048W,YOR157C,,,,,YPL208W,,,,
,,YMR013W-A,YOL030W,YOR161C,,,,,YPL247C,,,,
,,YMR018W,YOL116W,YOR177C,,,,,YPL253C,,,,
,,YMR084W,YOL131W,YOR193W,,,,,YPR085C,,,,
,,YMR121C,YOR012W,YOR224C,,,,,YPR133W-A,,,,
,,YMR156C,YOR070C,YOR236W,,,,,YPR196W,,,,
,,YMR158W,YPL097W,YOR250C,,,,,YBL040C,,,,
,,YMR314W,YPL098C,YOR262W,,,,,YBR169C,,,,
,,YMR315W,,YOR279C,,,,,YEL039C,,,,
,,YNL036W,,YOR285W,,,,,YFL044C,,,,
,,YNL090W,,YOR298W,,,,,YGR154C,,,,
,,YNL138W,,YOR302W,,,,,YGR231C,,,,
,,YNL153C,,YOR350C,,,,,YKL005C,,,,
,,YNL173C,,YOR357C,,,,,YKL172W,,,,
,,YNL204C,,YOR365C,,,,,YLR023C,,,,
,,YNL253W,,YPL013C,,,,,YMR119W,,,,
,,YNL288W,,YPL034W,,,,,YMR135C,,,,
,,YNL304W,,YPL041C,,,,,YNL213C,,,,
,,YNL323W,,YPL051W,,,,,YNL251C,,,,
,,YNL328C,,YPL092W,,,,,YNL259C,,,,
,,YNR024W,,YPL101W,,,,,YNL310C,,,,
,,YNR037C,,YPL130W,,,,,YOR271C,,,,
,,YNR040W,,YPL159C,,,,,YOR324C,,,,
,,YNR063W,,YPL171C,,,,,YPL132W,,,,
,,YNR064C,,YPL183W-A,,,,,YPL163C,,,,
,,YOL080C,,YPL188W,,,,,YPR056W,,,,
,,YOL095C,,YPL196W,,,,,,,,,
,,YOL125W,,YPL219W,,,,,,,,,
,,YOL133W,,YPL244C,,,,,,,,,
,,YOL151W,,YPL259C,,,,,,,,,
,,YOL164W,,YPR003C,,,,,,,,,
,,YOR022C,,YPR011C,,,,,,,,,
,,YOR045W,,YPR013C,,,,,,,,,
,,YOR106W,,YPR041W,,,,,,,,,
,,YOR115C,,YPR108W,,,,,,,,,
,,YOR120W,,YPR111W,,,,,,,,,
,,YOR137C,,YPR159C-A,,,,,,,,,
,,YOR174W,,YPR167C,,,,,,,,,
,,YOR201C,,YPR175W,,,,,,,,,
,,YOR237W,,YPR176C,,,,,,,,,
,,YOR246C,,YAL028W,,,,,,,,,
,,YOR293C-A,,YAR003W,,,,,,,,,
,,YOR311C,,YAR027W,,,,,,,,,
,,YOR327C,,YBL002W,,,,,,,,,
,,YOR339C,,YBL010C,,,,,,,,,
,,YOR376W-A,,YBL011W,,,,,,,,,
,,YPL003W,,YBL056W,,,,,,,,,
,,YPL047W,,YBL057C,,,,,,,,,
,,YPL096C-A,,YBL078C,,,,,,,,,
,,YPL134C,,YBL086C,,,,,,,,,
,,YPL166W,,YBL091C-A,,,,,,,,,
,,YPL168W,,YBR002C,,,,,,,,,
,,YPL173W,,YBR020W,,,,,,,,,
,,YPL178W,,YBR024W,,,,,,,,,
,,YPL209C,,YBR026C,,,,,,,,,
,,YPL257W,,YBR041W,,,,,,,,,
,,YPR015C,,YBR043C,,,,,,,,,
,,YPR017C,,YBR062C,,,,,,,,,
,,YPR091C,,YBR063C,,,,,,,,,
,,YPR200C,,YBR066C,,,,,,,,,
,,YBR173C,,YBR071W,,,,,,,,,
,,YBR201W,,YBR077C,,,,,,,,,
,,YBR213W,,YBR091C,,,,,,,,,
,,YBR262C,,YBR120C,,,,,,,,,
,,YDL064W,,YBR130C,,,,,,,,,
,,YDL092W,,YBR155W,,,,,,,,,
,,YDL180W,,YBR167C,,,,,,,,,
,,YDR044W,,YBR185C,,,,,,,,,
,,YDR125C,,YBR186W,,,,,,,,,
,,YDR200C,,YBR196C-B,,,,,,,,,
,,YDR304C,,YBR204C,,,,,,,,,
,,YDR322W,,YBR234C,,,,,,,,,
,,YDR529C,,YBR236C,,,,,,,,,
,,YEL059C-A,,YBR246W,,,,,,,,,
,,YER028C,,YBR250W,,,,,,,,,
,,YER168C,,YBR254C,,,,,,,,,
,,YFL056C,,YBR271W,,,,,,,,,
,,YFR017C,,YBR276C,,,,,,,,,
,,YGL054C,,YBR291C,,,,,,,,,
,,YGL119W,,YBR301W,,,,,,,,,
,,YGL191W,,YCL010C,,,,,,,,,
,,YGR111W,,YCL056C,,,,,,,,,
,,YGR226C,,YCL064C,,,,,,,,,
,,YHR044C,,YCR016W,,,,,,,,,
,,YHR061C,,YCR024C,,,,,,,,,
,,YIL006W,,YCR087C-A,,,,,,,,,
,,YIL089W,,YCR101C,,,,,,,,,
,,YIL111W,,YDL018C,,,,,,,,,
,,YIL134W,,YDL028C,,,,,,,,,
,,YIL138C,,YDL046W,,,,,,,,,
,,YJL003W,,YDL059C,,,,,,,,,
,,YJR025C,,YDL072C,,,,,,,,,
,,YJR030C,,YDL078C,,,,,,,,,
,,YJR120W,,YDL110C,,,,,,,,,
,,YKL098W,,YDL142C,,,,,,,,,
,,YKR041W,,YDL144C,,,,,,,,,
,,YKR055W,,YDL166C,,,,,,,,,
,,YLR003C,,YDL168W,,,,,,,,,
,,YLR015W,,YDL176W,,,,,,,,,
,,YLR033W,,YDL177C,,,,,,,,,
,,YLR042C,,YDL183C,,,,,,,,,
,,YLR065C,,YDL186W,,,,,,,,,
,,YLR104W,,YDL200C,,,,,,,,,
,,YLR190W,,YDL217C,,,,,,,,,
,,YLR268W,,YDL219W,,,,,,,,,
,,YLR297W,,YDL235C,,,,,,,,,
,,YLR315W,,YDR003W,,,,,,,,,
,,YLR461W,,YDR007W,,,,,,,,,
,,YML118W,,YDR041W,,,,,,,,,
,,YMR101C,,YDR045C,,,,,,,,,
,,YMR132C,,YDR049W,,,,,,,,,
,,YMR181C,,YDR059C,,,,,,,,,
,,YNL067W-B,,YDR067C,,,,,,,,,
,,YNL146W,,YDR076W,,,,,,,,,
,,YNR073C,,YDR110W,,,,,,,,,
,,YNR074C,,YDR124W,,,,,,,,,
,,YOL044W,,YDR152W,,,,,,,,,
,,YOR147W,,YDR162C,,,,,,,,,
,,YOR202W,,YDR177W,,,,,,,,,
,,YOR242C,,YDR178W,,,,,,,,,
,,YOR305W,,YDR181C,,,,,,,,,
,,YOR306C,,YDR183W,,,,,,,,,
,,YOR335C,,YDR218C,,,,,,,,,
,,YPL069C,,YDR225W,,,,,,,,,
,,YPL086C,,YDR231C,,,,,,,,,
,,YPR068C,,YDR253C,,,,,,,,,
,,YPR071W,,YDR256C,,,,,,,,,
,,YPR079W,,YDR259C,,,,,,,,,
,,,,YDR268W,,,,,,,,,
,,,,YDR286C,,,,,,,,,
,,,,YDR288W,,,,,,,,,
,,,,YDR319C,,,,,,,,,
,,,,YDR339C,,,,,,,,,
,,,,YDR347W,,,,,,,,,
,,,,YDR379W,,,,,,,,,
,,,,YDR397C,,,,,,,,,
,,,,YDR410C,,,,,,,,,
,,,,YDR473C,,,,,,,,,
,,,,YDR508C,,,,,,,,,
,,,,YDR510W,,,,,,,,,
,,,,YDR513W,,,,,,,,,
,,,,YDR517W,,,,,,,,,
,,,,YDR531W,,,,,,,,,
,,,,YDR541C,,,,,,,,,
,,,,YEL003W,,,,,,,,,
,,,,YEL016C,,,,,,,,,
,,,,YER061C,,,,,,,,,
,,,,YER066W,,,,,,,,,
,,,,YER082C,,,,,,,,,
,,,,YER096W,,,,,,,,,
,,,,YER099C,,,,,,,,,
,,,,YER115C,,,,,,,,,
,,,,YER128W,,,,,,,,,
,,,,YER134C,,,,,,,,,
,,,,YER148W,,,,,,,,,
,,,,YER180C,,,,,,,,,
,,,,YER182W,,,,,,,,,
,,,,YER185W,,,,,,,,,
,,,,YFL016C,,,,,,,,,
,,,,YFL028C,,,,,,,,,
,,,,YFL042C,,,,,,,,,
,,,,YFR039C,,,,,,,,,
,,,,YFR049W,,,,,,,,,
,,,,YFR050C,,,,,,,,,
,,,,YGL010W,,,,,,,,,
,,,,YGL029W,,,,,,,,,
,,,,YGL079W,,,,,,,,,
,,,,YGL081W,,,,,,,,,
,,,,YGL099W,,,,,,,,,
,,,,YGL108C,,,,,,,,,
,,,,YGL121C,,,,,,,,,
,,,,YGL153W,,,,,,,,,
,,,,YGL158W,,,,,,,,,
,,,,YGL171W,,,,,,,,,
,,,,YGL174W,,,,,,,,,
,,,,YGL194C,,,,,,,,,
,,,,YGL226C-A,,,,,,,,,
,,,,YGL235W,,,,,,,,,
,,,,YGL242C,,,,,,,,,
,,,,YGL243W,,,,,,,,,
,,,,YGL248W,,,,,,,,,
,,,,YGL259W,,,,,,,,,
,,,,YGL263W,,,,,,,,,
,,,,YGR008C,,,,,,,,,
,,,,YGR015C,,,,,,,,,
,,,,YGR020C,,,,,,,,,
,,,,YGR036C,,,,,,,,,
,,,,YGR038W,,,,,,,,,
,,,,YGR042W,,,,,,,,,
,,,,YGR072W,,,,,,,,,
,,,,YGR095C,,,,,,,,,
,,,,YGR109C,,,,,,,,,
,,,,YGR130C,,,,,,,,,
,,,,YGR131W,,,,,,,,,
,,,,YGR161C,,,,,,,,,
,,,,YGR204C-A,,,,,,,,,
,,,,YGR207C,,,,,,,,,
,,,,YGR209C,,,,,,,,,
,,,,YGR225W,,,,,,,,,
,,,,YGR263C,,,,,,,,,
,,,,YGR271C-A,,,,,,,,,
,,,,YHL019C,,,,,,,,,
,,,,YHL031C,,,,,,,,,
,,,,YHL039W,,,,,,,,,
,,,,YHR014W,,,,,,,,,
,,,,YHR022C-A,,,,,,,,,
,,,,YHR039C,,,,,,,,,
,,,,YHR049W,,,,,,,,,
,,,,YHR051W,,,,,,,,,
,,,,YHR090C,,,,,,,,,
,,,,YHR118C,,,,,,,,,
,,,,YHR122W,,,,,,,,,
,,,,YHR143W,,,,,,,,,
,,,,YHR143W-A,,,,,,,,,
,,,,YHR153C,,,,,,,,,
,,,,YHR160C,,,,,,,,,
,,,,YHR167W,,,,,,,,,
,,,,YHR192W,,,,,,,,,
,,,,YHR198C,,,,,,,,,
,,,,YHR210C,,,,,,,,,
,,,,YIL003W,,,,,,,,,
,,,,YIL004C,,,,,,,,,
,,,,YIL034C,,,,,,,,,
,,,,YIL049W,,,,,,,,,
,,,,YIL084C,,,,,,,,,
,,,,YIL127C,,,,,,,,,
,,,,YIL154C,,,,,,,,,
,,,,YIR004W,,,,,,,,,
,,,,YJL027C,,,,,,,,,
,,,,YJL037W,,,,,,,,,
,,,,YJL043W,,,,,,,,,
,,,,YJL055W,,,,,,,,,
,,,,YJL077W-B,,,,,,,,,
,,,,YJL099W,,,,,,,,,
,,,,YJL100W,,,,,,,,,
,,,,YJL103C,,,,,,,,,
,,,,YJL125C,,,,,,,,,
,,,,YJL144W,,,,,,,,,
,,,,YJL153C,,,,,,,,,
,,,,YJL184W,,,,,,,,,
,,,,YJL218W,,,,,,,,,
,,,,YJR048W,,,,,,,,,
,,,,YJR050W,,,,,,,,,
,,,,YJR057W,,,,,,,,,
,,,,YJR069C,,,,,,,,,
,,,,YJR078W,,,,,,,,,
,,,,YJR080C,,,,,,,,,
,,,,YJR082C,,,,,,,,,
,,,,YJR119C,,,,,,,,,
,,,,YJR124C,,,,,,,,,
,,,,YJR144W,,,,,,,,,
,,,,YKL003C,,,,,,,,,
,,,,YKL011C,,,,,,,,,
,,,,YKL021C,,,,,,,,,
,,,,YKL040C,,,,,,,,,
,,,,YKL041W,,,,,,,,,
,,,,YKL047W,,,,,,,,,
,,,,YKL069W,,,,,,,,,
,,,,YKL070W,,,,,,,,,
,,,,YKL085W,,,,,,,,,
,,,,YKL089W,,,,,,,,,
,,,,YKL095W,,,,,,,,,
,,,,YKL096W,,,,,,,,,
,,,,YKL107W,,,,,,,,,
,,,,YKL120W,,,,,,,,,
,,,,YKL122C,,,,,,,,,
,,,,YKL132C,,,,,,,,,
,,,,YKL141W,,,,,,,,,
,,,,YKL144C,,,,,,,,,
,,,,YKL146W,,,,,,,,,
,,,,YKL149C,,,,,,,,,
,,,,YKL162C,,,,,,,,,
,,,,YKL167C,,,,,,,,,
,,,,YKL195W,,,,,,,,,
,,,,YKR001C,,,,,,,,,
,,,,YKR005C,,,,,,,,,
,,,,YKR008W,,,,,,,,,
,,,,YKR026C,,,,,,,,,
,,,,YKR043C,,,,,,,,,
,,,,YKR061W,,,,,,,,,
,,,,YKR074W,,,,,,,,,
,,,,YLL006W-A,,,,,,,,,
,,,,YLL025W,,,,,,,,,
,,,,YLL041C,,,,,,,,,
,,,,YLL056C,,,,,,,,,
,,,,YLR016C,,,,,,,,,
,,,,YLR020C,,,,,,,,,
,,,,YLR038C,,,,,,,,,
,,,,YLR043C,,,,,,,,,
,,,,YLR051C,,,,,,,,,
,,,,YLR063W,,,,,,,,,
,,,,YLR085C,,,,,,,,,
,,,,YLR098C,,,,,,,,,
,,,,YLR103C,,,,,,,,,
,,,,YLR147C,,,,,,,,,
,,,,YLR151C,,,,,,,,,
,,,,YLR180W,,,,,,,,,
,,,,YLR216C,,,,,,,,,
,,,,YLR246W,,,,,,,,,
,,,,YLR254C,,,,,,,,,
,,,,YLR283W,,,,,,,,,
,,,,YLR295C,,,,,,,,,
,,,,YLR325C,,,,,,,,,
,,,,YLR380W,,,,,,,,,
,,,,YLR431C,,,,,,,,,
,,,,YLR438C-A,,,,,,,,,
,,,,YLR455W,,,,,,,,,
,,,,YML021C,,,,,,,,,
,,,,YML022W,,,,,,,,,
,,,,YML036W,,,,,,,,,
,,,,YML047C,,,,,,,,,
,,,,YML079W,,,,,,,,,
,,,,YML094W,,,,,,,,,
,,,,YML101C,,,,,,,,,
,,,,YML116W,,,,,,,,,
,,,,YMR013W-A,,,,,,,,,
,,,,YMR084W,,,,,,,,,
,,,,YMR092C,,,,,,,,,
,,,,YMR095C,,,,,,,,,
,,,,YMR139W,,,,,,,,,
,,,,YMR144W,,,,,,,,,
,,,,YMR148W,,,,,,,,,
,,,,YMR156C,,,,,,,,,
,,,,YMR158W,,,,,,,,,
,,,,YMR159C,,,,,,,,,
,,,,YMR161W,,,,,,,,,
,,,,YMR198W,,,,,,,,,
,,,,YMR230W-A,,,,,,,,,
,,,,YMR261C,,,,,,,,,
,,,,YMR315W,,,,,,,,,
,,,,YMR318C,,,,,,,,,
,,,,YNL015W,,,,,,,,,
,,,,YNL046W,,,,,,,,,
,,,,YNL062C,,,,,,,,,
,,,,YNL079C,,,,,,,,,
,,,,YNL090W,,,,,,,,,
,,,,YNL108C,,,,,,,,,
,,,,YNL138W,,,,,,,,,
,,,,YNL149C,,,,,,,,,
,,,,YNL153C,,,,,,,,,
,,,,YNL156C,,,,,,,,,
,,,,YNL157W,,,,,,,,,
,,,,YNL162W-A,,,,,,,,,
,,,,YNL177C,,,,,,,,,
,,,,YNL185C,,,,,,,,,
,,,,YNL202W,,,,,,,,,
,,,,YNL206C,,,,,,,,,
,,,,YNL218W,,,,,,,,,
,,,,YNL258C,,,,,,,,,
,,,,YNL275W,,,,,,,,,
,,,,YNL317W,,,,,,,,,
,,,,YNL332W,,,,,,,,,
,,,,YNR003C,,,,,,,,,
,,,,YNR024W,,,,,,,,,
,,,,YNR029C,,,,,,,,,
,,,,YNR037C,,,,,,,,,
,,,,YNR063W,,,,,,,,,
,,,,YOL007C,,,,,,,,,
,,,,YOL043C,,,,,,,,,
,,,,YOL056W,,,,,,,,,
,,,,YOL080C,,,,,,,,,
,,,,YOL082W,,,,,,,,,
,,,,YOL095C,,,,,,,,,
,,,,YOL097W-A,,,,,,,,,
,,,,YOL107W,,,,,,,,,
,,,,YOL125W,,,,,,,,,
,,,,YOL129W,,,,,,,,,
,,,,YOL133W,,,,,,,,,
,,,,YOL164W,,,,,,,,,
,,,,YOR020W-A,,,,,,,,,
,,,,YOR045W,,,,,,,,,
,,,,YOR068C,,,,,,,,,
,,,,YOR089C,,,,,,,,,
,,,,YOR094W,,,,,,,,,
,,,,YOR100C,,,,,,,,,
,,,,YOR106W,,,,,,,,,
,,,,YOR115C,,,,,,,,,
,,,,YOR137C,,,,,,,,,
,,,,YOR159C,,,,,,,,,
,,,,YOR174W,,,,,,,,,
,,,,YOR220W,,,,,,,,,
,,,,YOR226C,,,,,,,,,
,,,,YOR283W,,,,,,,,,
,,,,YOR297C,,,,,,,,,
,,,,YOR327C,,,,,,,,,
,,,,YOR339C,,,,,,,,,
,,,,YOR354C,,,,,,,,,
,,,,YOR367W,,,,,,,,,
,,,,YPL003W,,,,,,,,,
,,,,YPL015C,,,,,,,,,
,,,,YPL047W,,,,,,,,,
,,,,YPL059W,,,,,,,,,
,,,,YPL077C,,,,,,,,,
,,,,YPL096C-A,,,,,,,,,
,,,,YPL096W,,,,,,,,,
,,,,YPL108W,,,,,,,,,
,,,,YPL124W,,,,,,,,,
,,,,YPL134C,,,,,,,,,
,,,,YPL166W,,,,,,,,,
,,,,YPL168W,,,,,,,,,
,,,,YPL173W,,,,,,,,,
,,,,YPL181W,,,,,,,,,
,,,,YPL193W,,,,,,,,,
,,,,YPL208W,,,,,,,,,
,,,,YPL209C,,,,,,,,,
,,,,YPL213W,,,,,,,,,
,,,,YPL233W,,,,,,,,,
,,,,YPL240C,,,,,,,,,
,,,,YPL247C,,,,,,,,,
,,,,YPL257W,,,,,,,,,
,,,,YPL272C,,,,,,,,,
,,,,YPR015C,,,,,,,,,
,,,,YPR017C,,,,,,,,,
,,,,YPR020W,,,,,,,,,
,,,,YPR067W,,,,,,,,,
,,,,YPR101W,,,,,,,,,
,,,,YPR133W-A,,,,,,,,,
,,,,YPR196W,,,,,,,,,
,,,,YAL037C-A,,,,,,,,,
,,,,YAR015W,,,,,,,,,
,,,,YBL026W,,,,,,,,,
,,,,YBL102W,,,,,,,,,
,,,,YBR018C,,,,,,,,,
,,,,YBR076W,,,,,,,,,
,,,,YBR176W,,,,,,,,,
,,,,YBR217W,,,,,,,,,
,,,,YBR244W,,,,,,,,,
,,,,YBR258C,,,,,,,,,
,,,,YCL001W-B,,,,,,,,,
,,,,YCR019W,,,,,,,,,
,,,,YCR036W,,,,,,,,,
,,,,YCR075W-A,,,,,,,,,
,,,,YDL036C,,,,,,,,,
,,,,YDL055C,,,,,,,,,
,,,,YDL107W,,,,,,,,,
,,,,YDL114W,,,,,,,,,
,,,,YDL193W,,,,,,,,,
,,,,YDL211C,,,,,,,,,
,,,,YDL218W,,,,,,,,,
,,,,YDR056C,,,,,,,,,
,,,,YDR078C,,,,,,,,,
,,,,YDR091C,,,,,,,,,
,,,,YDR179C,,,,,,,,,
,,,,YDR202C,,,,,,,,,
,,,,YDR246W,,,,,,,,,
,,,,YDR246W-A,,,,,,,,,
,,,,YDR261C,,,,,,,,,
,,,,YDR315C-1,,,,,,,,,
,,,,YDR373W,,,,,,,,,
,,,,YDR404C,,,,,,,,,
,,,,YDR419W,,,,,,,,,
,,,,YDR428C,,,,,,,,,
,,,,YDR451C,,,,,,,,,
,,,,YDR460W,,,,,,,,,
,,,,YDR476C,,,,,,,,,
,,,,YDR538W,,,,,,,,,
,,,,YEL004W,,,,,,,,,
,,,,YEL019C,,,,,,,,,
,,,,YEL029C,,,,,,,,,
,,,,YER050C,,,,,,,,,
,,,,YER055C,,,,,,,,,
,,,,YER076C,,,,,,,,,
,,,,YER085C,,,,,,,,,
,,,,YER112W,,,,,,,,,
,,,,YFL040W,,,,,,,,,
,,,,YFR022W,,,,,,,,,
,,,,YGL019W,,,,,,,,,
,,,,YGL087C,,,,,,,,,
,,,,YGL138C,,,,,,,,,
,,,,YGL164C,,,,,,,,,
,,,,YGL213C,,,,,,,,,
,,,,YGR066C,,,,,,,,,
,,,,YGR102C,,,,,,,,,
,,,,YGR122W,,,,,,,,,
,,,,YGR129W,,,,,,,,,
,,,,YGR133W,,,,,,,,,
,,,,YGR183C,,,,,,,,,
,,,,YGR201C,,,,,,,,,
,,,,YGR220C,,,,,,,,,
,,,,YGR248W,,,,,,,,,
,,,,YHL013C,,,,,,,,,
,,,,YHR029C,,,,,,,,,
,,,,YHR048W,,,,,,,,,
,,,,YHR059W,,,,,,,,,
,,,,YHR072W-A,,,,,,,,,
,,,,YHR086W-A,,,,,,,,,
,,,,YHR108W,,,,,,,,,
,,,,YHR133C,,,,,,,,,
,,,,YHR156C,,,,,,,,,
,,,,YHR157W,,,,,,,,,
,,,,YHR176W,,,,,,,,,
,,,,YHR199C-A,,,,,,,,,
,,,,YIL029C,,,,,,,,,
,,,,YIL061C,,,,,,,,,
,,,,YIL068C,,,,,,,,,
,,,,YIL098C,,,,,,,,,
,,,,YIL113W,,,,,,,,,
,,,,YIL145C,,,,,,,,,
,,,,YIR036C,,,,,,,,,
,,,,YJL065C,,,,,,,,,
,,,,YJL071W,,,,,,,,,
,,,,YJL090C,,,,,,,,,
,,,,YJL160C,,,,,,,,,
,,,,YJL173C,,,,,,,,,
,,,,YJR009C,,,,,,,,,
,,,,YJR032W,,,,,,,,,
,,,,YJR055W,,,,,,,,,
,,,,YJR067C,,,,,,,,,
,,,,YJR083C,,,,,,,,,
,,,,YJR112W-A,,,,,,,,,
,,,,YJR133W,,,,,,,,,
,,,,YJR152W,,,,,,,,,
,,,,YKL008C,,,,,,,,,
,,,,YKL023W,,,,,,,,,
,,,,YKL043W,,,,,,,,,
,,,,YKL049C,,,,,,,,,
,,,,YKL061W,,,,,,,,,
,,,,YKL084W,,,,,,,,,
,,,,YKL113C,,,,,,,,,
,,,,YKL154W,,,,,,,,,
,,,,YKR051W,,,,,,,,,
,,,,YKR083C,,,,,,,,,
,,,,YLL007C,,,,,,,,,
,,,,YLL042C,,,,,,,,,
,,,,YLL055W,,,,,,,,,
,,,,YLR004C,,,,,,,,,
,,,,YLR009W,,,,,,,,,
,,,,YLR126C,,,,,,,,,
,,,,YLR132C,,,,,,,,,
,,,,YLR164W,,,,,,,,,
,,,,YLR186W,,,,,,,,,
,,,,YLR239C,,,,,,,,,
,,,,YLR264C-A,,,,,,,,,
,,,,YLR285C-A,,,,,,,,,
,,,,YLR285W,,,,,,,,,
,,,,YLR313C,,,,,,,,,
,,,,YLR324W,,,,,,,,,
,,,,YLR327C,,,,,,,,,
,,,,YLR370C,,,,,,,,,
,,,,YML029W,,,,,,,,,
,,,,YML054C-A,,,,,,,,,
,,,,YML066C,,,,,,,,,
,,,,YML107C,,,,,,,,,
,,,,YMR001C-A,,,,,,,,,
,,,,YMR107W,,,,,,,,,
,,,,YMR112C,,,,,,,,,
,,,,YMR147W,,,,,,,,,
,,,,YMR182C,,,,,,,,,
,,,,YMR294W,,,,,,,,,
,,,,YMR298W,,,,,,,,,
,,,,YMR299C,,,,,,,,,
,,,,YMR311C,,,,,,,,,
,,,,YMR322C,,,,,,,,,
,,,,YNL070W,,,,,,,,,
,,,,YNL072W,,,,,,,,,
,,,,YNL111C,,,,,,,,,
,,,,YNL133C,,,,,,,,,
,,,,YNL146C-A,,,,,,,,,
,,,,YNL182C,,,,,,,,,
,,,,YNL277W-A,,,,,,,,,
,,,,YNL316C,,,,,,,,,
,,,,YNL329C,,,,,,,,,
,,,,YNL335W,,,,,,,,,
,,,,YNR054C,,,,,,,,,
,,,,YNR061C,,,,,,,,,
,,,,YNR068C,,,,,,,,,
,,,,YOL012C,,,,,,,,,
,,,,YOL016C,,,,,,,,,
,,,,YOL096C,,,,,,,,,
,,,,YOL140W,,,,,,,,,
,,,,YOL143C,,,,,,,,,
,,,,YOR016C,,,,,,,,,
,,,,YOR060C,,,,,,,,,
,,,,YOR075W,,,,,,,,,
,,,,YOR081C,,,,,,,,,
,,,,YOR101W,,,,,,,,,
,,,,YOR130C,,,,,,,,,
,,,,YOR143C,,,,,,,,,
,,,,YOR163W,,,,,,,,,
,,,,YOR179C,,,,,,,,,
,,,,YOR180C,,,,,,,,,
,,,,YOR194C,,,,,,,,,
,,,,YOR196C,,,,,,,,,
,,,,YOR229W,,,,,,,,,
,,,,YOR232W,,,,,,,,,
,,,,YOR304C-A,,,,,,,,,
,,,,YOR358W,,,,,,,,,
,,,,YPL027W,,,,,,,,,
,,,,YPL052W,,,,,,,,,
,,,,YPL071C,,,,,,,,,
,,,,YPL100W,,,,,,,,,
,,,,YPL109C,,,,,,,,,
,,,,YPL138C,,,,,,,,,
,,,,YPL152W-A,,,,,,,,,
,,,,YPL236C,,,,,,,,,
,,,,YPR004C,,,,,,,,,
,,,,YPR009W,,,,,,,,,
,,,,YPR051W,,,,,,,,,
,,,,YPR094W,,,,,,,,,
,,,,YPR100W,,,,,,,,,
,,,,YPR144C,,,,,,,,,
,,,,YPR166C,,,,,,,,,
,,,,YPR182W,,,,,,,,,