BC187_Beneficial_Genes,BY4743_Beneficial_Genes,DBVPG1373_Beneficial_Genes,NCYC3290_Beneficial_Genes,Y12_Beneficial_Genes,Y2209_Beneficial_Genes,Y389_Beneficial_Genes,Y7568_Beneficial_Genes,YJM1273_Beneficial_Genes,YJM1389_Beneficial_Genes,YJM1592_Beneficial_Genes,YJM978_Beneficial_Genes,YPS128_Beneficial_Genes,YPS163_Beneficial_Genes
YER026C,YLR403W,YOR233W,YOR233W,YML034W,YGR052W,YMR081C,YKL119C,YIL073C,YOR359W,YGR052W,YDL051W,YEL023C,YFL008W
YDR503C,YMR081C,YDR077W,YBL009W,YGR108W,YJL128C,YMR225C,YBL071W-A,YNL167C,YGR108W,YNL160W,YGL234W,YDR528W,YBR245C
YER158C,YER165W,YPL057C,YDR014W,YLR189C,YDR077W,YML123C,YOL123W,YJR109C,YLR189C,YMR195W,YOR108W,YLL018C,YDL194W
YOR108W,YNL098C,YPR119W,YCR053W,YKR101W,YDR098C,YOR198C,YPR028W,YPL264C,YCR095C,YIL140W,YDR054C,YLR017W,YLR067C
YDR054C,YIL135C,YFL038C,YDL237W,YJR042W,YHR021W-A,YDR099W,YDR054C,YDR013W,YDL091C,YJL087C,YLR133W,YLR189C,YFR016C
YDR308C,YJL201W,YIL140W,YGR138C,YKL059C,YDR463W,YML024W,YDR530C,YDR026C,YGL015C,YJR061W,YMR195W,YOL117W,YGL006W
YGR079W,YML053C,YIL147C,YLL032C,YOR195W,YEL040W,YNL037C,YOR319W,YDR511W,YGL032C,YMR251W-A,YDR063W,YOR243C,YBL103C
YHR042W,YBL027W,YNL126W,YNL006W,YPL174C,YJL085W,YGL103W,YBL028C,YGL060W,YGR140W,YOL105C,YDR064W,YBL075C,YBR259W
YIL094C,YBL093C,YDR014W,YBR087W,YHR097C,YGR046W,YHR021W-A,YFR004W,YGR216C,YJR125C,YAL046C,YFR033C,YDL074C,YBR295W
YLR060W,YDR022C,YER032W,YDR263C,YJR063W,YKR052C,YMR039C,YFR033C,YKL208W,YLR014C,YBR034C,YGR031W,YDL091C,YDL190C
YMR014W,YEL023C,YGR140W,YDR348C,YOR005C,YNL295W,YPR028W,YGL222C,YML046W,YBR139W,YGR062C,YLR355C,YDR020C,YFR031C
YMR195W,YGL103W,YMR037C,YGL249W,YBL036C,YOR348C,YBR129C,YGR031W,YNR041C,YDL109C,YHR150W,YOR348C,YGL210W,YGL062W
YNL134C,YHR021W-A,YMR273C,YLR225C,YHR107C,YBR175W,YBR233W,YLR350W,YBL085W,YDR057W,YKL039W,YPL050C,YJR117W,YGR046W
YPR163C,YMR039C,YBR102C,YPL277C,YKL100C,YCR037C,YGL050W,YNL148C,YDR103W,YFL010C,YLR423C,YDR486C,YKL187C,YIL140W
YAL021C,YPL057C,YKR077W,YCR005C,YNL130C,YDL130W-A,YGR152C,YPL050C,YGL144C,YJR042W,YBL085W,YER074W-A,YLR105C,YJL132W
YDR169C,YBR188C,YMR177W,YDL007W,YNL260C,YDR486C,YIL122W,YBR117C,YJL044C,YKL048C,YDR502C,YGL077C,YLR273C,YJR091C
YFR033C,YBR233W,YBR082C,YER012W,YOR164C,YJR068W,YML062C,YBR183W,YLL032C,YLL032C,YGL105W,YGL146C,YML065W,YJR110W
YGR031W,YEL040W,YBR170C,YER054C,YOR304W,YKR003W,YMR091C,YCL057C-A,YNL022C,YBR035C,YHR065C,YGL172W,YMR056C,YKL015W
YHR067W,YIL014W,YDR201W,YGL168W,YCL051W,YOR385W,YNL073W,YDL033C,YNL220W,YGL061C,YKL062W,YGR136W,YMR209C,YLL018C
YJL181W,YLR326W,YDR519W,YGR088W,YDR092W,YCR073W-A,YPR072W,YDL130W-A,YNL245C,YGR010W,YLR135W,YIR011C,YNL009W,YMR300C
YJR147W,YMR106C,YER020W,YIL057C,YDR174W,YDL143W,YBR223C,YDR305C,YOR189W,YJR150C,YML042W,YJL047C-A,YBR282W,YNL054W
YKL185W,YPL081W,YGR194C,YKL221W,YLR049C,YDR502C,YDL003W,YDR384C,YBR046C,YKR106W,YNL012W,YJR068W,YCR073W-A,YPL126W
YLR154C,YPR072W,YHL043W,YLR163C,YLR312C,YEL012W,YDR064W,YEL009C,YDR070C,YMR005W,YOR020C,YKL117W,YDR103W,YCL038C
YLR350W,YPR131C,YKL096W-A,YMR096W,YNL084C,YIR042C,YDR247W,YER074W-A,YDR479C,YPL119C,YBR214W,YLR006C,YDR144C,YDR013W
YLR406C,YDR169C,YMR130W,YOR285W,YHR177W,YKL090W,YGR120C,YGL146C,YDR518W,YDL175C,YGR234W,YMR209C,YER154W,YDR014W
YLR413W,YFL034C-A,YOL092W,YPL121C,YJL072C,YLL010C,YJL181W,YGL166W,YER003C,YDL203C,YGR273C,YMR273C,YGL192W,YDR026C
YMR042W,YGL096W,YPL156C,YPL171C,YOL031C,YNL232W,YJR139C,YGR033C,YER065C,YDR317W,YHR097C,YNL110C,YKL048C,YDR320C
YMR202W,YGL124C,YBR067C,YPL219W,YOR145C,YOR020C,YKL002W,YGR171C,YFL009W,YFL012W,YIR025W,YOL026C,YKL062W,YER091C
YOL036W,YHR026W,YDR346C,YFL060C,YPL074W,YOR209C,YKL174C,YIL093C,YGR234W,YGL258W,YJL013C,YOR136W,YKL091C,YGL032C
YPR113W,YJL079C,YER094C,YGL243W,YCR071C,YPL177C,YKR064W,YIR011C,YGR257C,YJL208C,YJL139C,YBR052C,YLL010C,YGR062C
YPR199C,YJR147W,YGL168W,YGR233C,YDR252W,YPL250C,YLR210W,YIR022W,YGR273C,YKL137W,YLR116W,YBR090C,YLR052W,YGR067C
YBR126C,YKL079W,YGR211W,YJL077C,YDR255C,YCR044C,YML064C,YJL006C,YGR283C,YKL191W,YLR145W,YCR028C,YML020W,YJR125C
YBR183W,YLR227C,YHR017W,YJL218W,YER059W,YDR035W,YMR042W,YJR077C,YJL122W,YLR263W,YLR228C,YDR057W,YMR260C,YKR101W
YCL057C-A,YLR367W,YJL115W,YKL095W,YJR058C,YDR348C,YMR105C,YKL208W,YJR039W,YMR211W,YLR414C,YDR240C,YNL159C,YLR006C
YDL127W,YLR390W-A,YKR018C,YKR015C,YKL197C,YEL046C,YMR202W,YLR221C,YKL184W,YNL130C,YMR036C,YDR494W,YBR046C,YLR014C
YDL178W,YLR406C,YMR078C,YLR085C,YPR188C,YGR074W,YMR276W,YOL026C,YLR116W,YNL260C,YMR272C,YER018C,YDL024C,YLR084C
YDR226W,YMR042W,YMR104C,YLR103C,,YGR249W,YNL053W,YOR136W,YLR308W,YNR057C,YOR005C,YER150W,YDL025C,YLR182W
YDR284C,YMR202W,YMR313C,YLR147C,,YHR097C,YNL180C,YPL004C,YMR188C,YOR164C,YOR184W,YJL048C,YDR147W,YML046W
YDR400W,YNL180C,YNL196C,YLR246W,,YJL118W,YNL295W,YPL157W,YNL080C,YCL001W,YDL129W,YJL112W,YDR272W,YNL248C
YGL005C,YNL230C,YNL272C,YML036W,,YJR072C,YPR070W,YBR052C,YNL124W,YDL169C,YDR145W,YJL146W,YDR518W,YPL189W
YGL126W,YPR113W,YNL312W,YML079W,,YJR135C,YBR161W,YBR053C,YNL130C-A,YDR049W,YER054C,YJL179W,YFL009W,YPL214C
YGL166W,YBR098W-1,YOL068C,YMR156C,,YKR056W,YCL002C,YBR085W,YNL168C,YDR425W,YER146W,YLR439W,YGR194C,YBL085W
YGR126W,YBR183W,YOR131C,YMR161W,,YLR270W,YDL080C,YBR090C,YNL222W,YDR508C,YFL027C,YOR107W,YJL105W,YCR073W-A
YIR011C,YDL127W,YOR155C,YDR246W-A,,YLR414C,YDL173W,YBR181C,YNL244C,YDR510W,YGR174C,YPL179W,YJL126W,YDR057W
YJL047C-A,YDL130W-A,YAR027W,YDR257C,,YMR140W,YDR284C,YBR210W,YNL325C,YGL099W,YIL099W,YPL250C,YJL167W,YDR103W
YJL116C,YDR020C,YBR077C,YEL039C,,YNL052W,YDR305C,YBR227C,YOR128C,YGL226C-A,YKL100C,YBR072W,YJR015W,YDR254W
YJL203W,YDR305C,YBR185C,YHR005C,,YOR110W,YEL041W,YBR265W,YOR278W,YJR036C,YKR035W-A,YBR146W,YJR052W,YDR285W
YJR073C,YDR384C,YDL217C,YJR025C,,YOR356W,YFR035C,YCL008C,YPL010W,YJR078W,YLL060C,YBR152W,YJR063W,YGR146C
YKR036C,YEL009C,YDR177W,YKL008C,,YPR153W,YGL015C,YDR482C,YPL033C,YKL089W,YNL131W,YBR171W,YJR150C,YKL062W
YKR066C,YER074W-A,YDR218C,YLR405W,,YBL036C,YGL162W,YEL018W,YPR108W-A,YKR026C,YOL162W,YBR214W,YKR106W,YKL194C
YLL027W,YER173W,YDR235W,YMR294W,,YBL064C,YGL210W,YER018C,YAL010C,YLL009C,YOR040W,YDL004W,YLR308W,YKR102W
YLL036C,YGL060W,YDR487C,YNL213C,,YCR083W,YIR034C,YGL025C,YBR013C,YLL033W,YOR262W,YDR272W,YMR005W,YMR017W
YLR221C,YGL146C,YFL016C,YNR066C,,YDR296W,YJL002C,YGL039W,YDL085C-A,YLR049C,YPR124W,YDR393W,YMR060C,YMR089C
YLR291C,YGR033C,YGL028C,YOL044W,,YHR032W,YJL054W,YGL090W,YDR108W,YLR093C,YBR058C-A,YGL011C,YMR168C,YMR172W
YMR194W,YGR148C,YGR233C,YOR061W,,YIR017C,YJL069C,YHL004W,YDR109C,YLR346C,YBR220C,YGL053W,YNL130C-A,YNL142W
YMR243C,YHR030C,YHR033W,YOR304C-A,,YKL013C,YJL191W,YHR007C-A,YDR362C,YNL288W,YDR259C,YGR057C,YNL222W,YNL144C
YNL009W,YHR091C,YHR049W,YPL109C,,YML035C,YJR125C,YHR024C,YFR045W,YNR040W,YDR473C,YGR084C,YNL254C,YNL245C
YNL301C,YIL093C,YIL004C,YBL033C,,YMR292W,YJR148W,YIL035C,YGL004C,YOR156C,YGL159W,YGR113W,YNL325C,YOR066W
YNR051C,YJL116C,YJL141C,YFR047C,,YNL113W,YLL063C,YIR042C,YGL168W,YPR032W,YIR004W,YGR212W,YOL002C,YOR195W
YOL026C,YJR130C,YJR024C,YGL057C,,YOR157C,YLR073C,YJL068C,YGL185C,YPR141C,YJL141C,YHR004C,YOR077W,YAL054C
YOR002W,YLL027W,YJR124C,YGR187C,,YOR250C,YML017W,YJL146W,YGR035C,YAL067C,YJR082C,YHR113W,YOR264W,YBR072W
YOR056C,YLR054C,YKL107W,YPL252C,,YAL018C,YML057W,YJR099W,YGR167W,YBR182C-A,YLR049C,YIL076W,YOR386W,YBR145W
YPL214C,YLR291C,YLR038C,YPR180W,,YBR063C,YMR032W,YKL053C-A,YGR177C,YDR044W,YLR346C,YIL103W,YPL119C,YCR044C
YPR159W,YLR397C,YLR056W,,,YBR301W,YMR052W,YLL062C,YHR008C,YDR179C,YLR412C-A,YJL127C-B,YPL119C-A,YDL234C
YBR163W,YMR052W,YLR085C,,,YDL219W,YMR056C,YLR195C,YIL072W,YDR257C,YMR158W,YJR013W,YBL021C,YDR147W
YBR164C,YMR061W,YMR144W,,,YDR268W,YMR194W,YLR387C,YIR038C,YDR357C,YMR315W,YKL051W,YBR011C,YDR182W
YBR210W,YMR194W,YMR261C,,,YDR397C,YMR221C,YLR406C-A,YMR187C,YGL041C-B,YNL185C,YLR136C,YBR060C,YDR263C
YBR264C,YMR243C,YMR291W,,,YDR410C,YNL066W,YMR170C,YNL032W,YHR005C,YNL202W,YLR170C,YBR199W,YDR307W
YBR265W,YNL074C,YNL149C,,,YGL235W,YNL195C,YMR200W,YOR033C,YHR044C,YNR003C,YLR267W,YDL105W,YDR402C
YDL070W,YOL049W,YNL218W,,,YGL242C,YNR018W,YNL022C,YOR131C,YJL072C,YOL082W,YLR271W,YDR109C,YDR479C
YDL124W,YOR056C,YOR006C,,,YGR205W,YOL114C,YNL223W,YOR211C,YLR461W,YOR226C,YLR392C,YDR330W,YGL145W
YDL201W,YOR346W,YOR103C,,,YGR286C,YOR241W,YNL232W,YOR236W,YMR312W,YAL067C,YML009C,YDR515W,YGL208W
YDR042C,YPL202C,YOR156C,,,YKL021C,YPL189W,YNL320W,YOR344C,YNL309W,YCR007C,YML110C,YDR536W,YGL240W
YDR144C,YPR033C,YPL208W,,,YKR026C,YPL271W,YNR001C,YPL130W,YOL031C,YDL114W,YMR237W,YER163C,YGL249W
YDR254W,YPR185W,YPR025C,,,YLR147C,YBR052C,YNR055C,YPL188W,YOL116W,YDL211C,YNL158W,YGL185C,YGR112W
YDR289C,YBR085W,YDL055C,,,YLR364W,YBR111C,YOL005C,YPR003C,YOR147W,YDL213C,YNL168C,YGR193C,YHL009C
YDR376W,YBR164C,YDR460W,,,YMR161W,YBR139W,YOL041C,YPR124W,YOR238W,YDR165W,YNR035C,YHR163W,YHR070W
YDR539W,YBR181C,YER076C,,,YNL153C,YBR163W,YOL070C,YAL028W,YOR305W,YDR529C,YOR046C,YHR191C,YIL070C
YEL012W,YBR227C,YGR105W,,,YNR040W,YBR227C,YOR020C,YAR023C,YPL086C,YEL057C,YOR078W,YIL087C,YIL078W
YEL018W,YBR251W,YGR143W,,,YOR106W,YBR282W,YOR079C,YBR007C,YPR004C,YGL119W,YOR375C,YJR153W,YIL103W
YER043C,YBR265W,YGR231C,,,YPL166W,YDL061C,YOR148C,YBR070C,YPR068C,YGL231C,YPL066W,YKR104W,YIL161W
YER154W,YDL061C,YHL042W,,,YPL168W,YDL109C,YOR189W,YBR077C,YBL035C,YGR105W,YPL144W,YLR018C,YIR025W
YFR010W,YDR042C,YHR048W,,,YPL181W,YDL143W,YOR190W,YBR155W,YCL016C,YHR157W,YPR061C,YLR021W,YJL004C
YGL100W,YDR371W,YHR086W-A,,,YBR244W,YDL205C,YPL177C,YBR246W,YCR059C,YKL049C,YAR035W,YLR070C,YJL013C
YIL035C,YDR377W,YIL083C,,,YDL107W,YDR502C,YPL241C,YBR301W,YCR071C,YLR009W,YBR132C,YML111W,YJL047C
YJL031C,YER018C,YJL090C,,,YFR017C,YEL012W,YPR186C,YCL001W-A,YDR255C,YLR190W,YCL052C,YMR065W,YJR106W
YJL068C,YGL089C,YLL023C,,,YGR154C,YEL018W,YAL013W,YCR061W,YER169W,YML027W,YCR005C,YMR247W-A,YKR011C
YJL146W,YGL144C,YML027W,,,YIL124W,YFR053C,YBL003C,YDL115C,YGR147C,YMR137C,YCR079W,YMR270C,YLL043W
YJL179W,YHR121W,YMR137C,,,YKL043W,YGL039W,YBL013W,YDR041W,YGR187C,YNR074C,YDL105W,YNR027W,YLL052C
YJR043C,YHR129C,YMR244W,,,YNR074C,YGR213C,YBR047W,YDR092W,YGR244C,YOL031C,YDR073W,YOR304W,YLR218C
YKL053C-A,YHR159W,YMR294W,,,YPR051W,YJL031C,YBR145W,YDR162C,YHR148W,YOR061W,YDR145W,YBL018C,YLR228C
YKL142W,YJL048C,YMR322C,,,YCL036W,YJL131C,YBR149W,YDR231C,YJR058C,YPL099C,YDR249C,YBR024W,YLR308W
YKL150W,YJL112W,YNL309W,,,YLR200W,YJL185C,YBR151W,YDR259C,YKR065C,YBR107C,YDR346C,YDL028C,YML058W-A
YLL006W,YJL131C,YOR061W,,,YNL307C,YJR094C,YBR152W,YER141W,YLR200W,YCR059C,YER037W,YDR003W,YML087C
YLL010C,YJL179W,YOR075W,,,,YKL053C-A,YBR165W,YER180C,YMR251W,YDR228C,YER180C-A,YDR049W,YMR036C
YLR215C,YJR042W,YOR145C,,,,YKL091C,YBR267W,YFL016C,YOL144W,YDR255C,YFL045C,YDR181C,YMR232W
YLR385C,YJR043C,YPL074W,,,,YKL114C,YBR278W,YGL081W,YPR046W,YDR498C,YFR003C,YDR473C,YNL306W
YLR406C-A,YJR094C,YPL109C,,,,YLR035C,YCR003W,YGR042W,,YHR136C,YGL063W,YGL028C,YNR033W
YMR200W,YKL006C-A,YPR051W,,,,YLR135W,YCR105W,YGR130C,,YHR148W,YHR001W-A,YGL158W,YOL101C
YNL022C,YKL093W,YCL016C,,,,YLR142W,YCR107W,YGR131W,,YIL040W,YIL051C,YGL235W,YOR051C
YNL050C,YKL114C,YDR194W-A,,,,YLR144C,YDL004W,YGR146C-A,,YIL096C,YJL155C,YGL259W,YOR128C
YNL065W,YLL062C,YGL261C,,,,YLR195C,YDL005C,YGR207C,,YLR011W,YJL183W,YGR174W-A,YOR221C
YNL232W,YLR215C,YGR161W-C,,,,YMR035W,YDL067C,YGR209C,,YLR082C,YKL071W,YHR034C,YOR278W
YNL320W,YLR439W,YHR022C,,,,YMR089C,YDL098C,YIL004C,,YLR200W,YLR022C,YHR090C,YOR308C
YNR001C,YMR048W,YJL082W,,,,YMR172W,YDL165W,YJL077C,,YLR395C,YLR390W,YJL046W,YPL156C
YNR055C,YMR123W,YLR082C,,,,YMR214W,YDR182W,YJL196C,,YNL314W,YMR069W,YJL077C,YPL210C
YOL022C,YMR200W,YLR099W-A,,,,YNL016W,YDR287W,YJR095W,,YOL132W,YMR079W,YJL218W,YAL027W
YOL066C,YNR001C,YLR457C,,,,YNL050C,YDR352W,YJR124C,,YOR099W,YMR234W,YJR078W,YAR035W
YOL069W,YOL005C,YOL032W,,,,YNL065W,YDR368W,YLL033W,,,YNL032W,YKR002W,YBL019W
YOR035C,YOL069W,YPL201C,,,,YNL141W,YDR378C,YLL035W,,,YNL252C,YKR026C,YBR061C
YOR036W,YOR036W,,,,,YNL220W,YDR434W,YLR056W,,,YOL013W-A,YLR066W,YBR074W
YOR079C,YOR066W,,,,,YNL223W,YDR519W,YNL185C,,,YOL111C,YLR093C,YDL012C
YOR274W,YOR368W,,,,,YNL238W,YEL048C,YOR022C,,,YOL162W,YLR283W,YDL149W
YPL117C,YPL175W,,,,,YOL152W,YER014C-A,YOR215C,,,YOR034C-A,YML021C,YDL150W
YPL175W,YPL227C,,,,,YOR035C,YER035W,YOR367W,,,YPR013C,YML038C,YDL170W
YPL227C,YPL241C,,,,,YOR189W,YER083C,YPL213W,,,YBL086C,YMR092C,YDL179W
YPL241C,YBL067C,,,,,YOR245C,YER156C,YPR017C,,,YBL091C-A,YNL157W,YDL243C
YPL250C,YBR035C,,,,,YOR274W,YER175C,YDR101C,,,YBR185C,YNL162W-A,YDR249C
YPL254W,YBR087W,,,,,YPL258C,YGL011C,YGR066C,,,YCL010C,YNR063W,YDR297W
YAL007C,YBR104W,,,,,YPR106W,YGL047W,YGR122W,,,YDR059C,YOL091W,YDR489W
YAL032C,YBR149W,,,,,YAL013W,YGL169W,YGR129W,,,YER061C,YOL151W,YDR534C
YAL034C,YCL055W,,,,,YBL003C,YGL208W,YGR220C,,,YGR286C,YOR022C,YER137C
YAL049C,YCL063W,,,,,YBL029W,YGR057C,YHR048W,,,YIL003W,YOR293C-A,YFR051C
YBL013W,YCR091W,,,,,YBR035C,YGR074W,YHR157W,,,YJL037W,YOR316C,YGL155W
YBR046C,YDL067C,,,,,YBR104W,YGR084C,YJL090C,,,YJL066C,YOR376W-A,YGR004W
YBR047W,YDL148C,,,,,YBR211C,YGR112W,YJL174W,,,YJL184W,YPL003W,YGR053C
YBR145W,YDL159W,,,,,YCL055W,YGR113W,YJR003C,,,YJR022W,YPL178W,YGR237C
YBR151W,YDR035W,,,,,YCL063W,YHL043W,YJR009C,,,YJR024C,YCR095W-A,YGR254W
YBR165W,YDR083W,,,,,YCR002C,YHR004C,YJR098C,,,YLL025W,YDL055C,YHR001W-A
YBR171W,YDR147W,,,,,YCR107W,YHR025W,YLR126C,,,YLR103C,YDL123W,YHR171W
YBR207W,YDR262W,,,,,YDL005C,YHR035W,YML107C,,,YLR180W,YDR101C,YKL100C
YBR278W,YDR364C,,,,,YDL197C,YHR058C,YMR312W,,,YMR156C,YEL039C,YKL116C
YCR002C,YDR378C,,,,,YDR182W,YHR087W,YMR322C,,,YMR318C,YER050C,YKL204W
YCR044C,YDR481C,,,,,YDR277C,YHR187W,YNL146W,,,YNL079C,YFL044C,YKL214C
YCR063W,YEL048C,,,,,YDR375C,YIL070C,YNL263C,,,YNL156C,YGR226C,YLR263W
YDL004W,YER020W,,,,,YDR506C,YIR018W,YNR068C,,,YNR040W,YIL083C,YML071C
YDL067C,YER065C,,,,,YDR518W,YJR129C,YOR324C,,,YOR094W,YIL138C,YMR110C
YDL098C,YER142C,,,,,YDR527W,YKR011C,YPR023C,,,YPL096W,YIL145C,YMR187C
YDR070C,YER156C,,,,,YER020W,YKR058W,YER059W,,,YPL166W,YJL065C,YMR270C
YDR083W,YGL047W,,,,,YER046W,YKR075C,YGR147C,,,YPR017C,YKL049C,YMR297W
YDR287W,YGL176C,,,,,YER053C-A,YLL014W,YGR161W-C,,,YBL080C,YKL084W,YNL163C
YDR294C,YGL240W,,,,,YER063W,YLR040C,YHR022C,,,YEL039C,YLR023C,YNL217W
YDR301W,YGL257C,,,,,YER142C,YLR053C,YJL053W,,,YER055C,YLR164W,YNL292W
YDR353W,YGR074W,,,,,YFR042W,YLR078C,YLR262C-A,,,YFR022W,YML029W,YNR032C-A
YEL046C,YGR194C,,,,,YGL011C,YLR116W,YOR213C,,,YGL087C,YML066C,YOR008C-A
YER003C,YGR234W,,,,,YGL059W,YLR136C,,,,YHL042W,YOR242C,YOR155C
YER065C,YGR273C,,,,,YGL061C,YLR145W,,,,YHR059W,YPL052W,YOR288C
YER156C,YGR283C,,,,,YGL169W,YLR172C,,,,YIL124W,YPL074W,YOR304W
YER175C,YHL009C,,,,,YGL240W,YLR199C,,,,YJL024C,YPL086C,YOR350C
YFR042W,YHL043W,,,,,YGR112W,YLR271W,,,,YJR112W-A,YPL100W,YPL092W
YGL075C,YHR011W,,,,,YGR199W,YLR288C,,,,YNR048W,YPL138C,YPL171C
YGL208W,YHR070W,,,,,YGR282C,YML110C,,,,YPL099C,YCL004W,YPR003C
YGL209W,YHR081W,,,,,YHR035W,YMR184W,,,,YPL236C,YDR179W-A,YPR175W
YGR005C,YHR113W,,,,,YHR087W,YMR272C,,,,YPR182W,YDR498C,YAL015C
YGR121W-A,YHR190W,,,,,YHR112C,YNL052W,,,,YBR154C,YER041W,YBL002W
YGR149W,YIL076W,,,,,YIL076W,YNL130C-A,,,,YBR194W,YGL179C,YBL018C
YGR212W,YIL116W,,,,,YIR025W,YNL222W,,,,YCR076C,YGL261C,YBR002C
YHL009C,YJL088W,,,,,YJL013C,YNL306W,,,,YHL044W,YGR161W-C,YBR026C
YHR058C,YJL127C-B,,,,,YJL105W,YNL330C,,,,YHR013C,YGR180C,YBR043C
YHR081W,YJR129C,,,,,YJL107C,YNR014W,,,,YHR022C,YJL206C,YBR130C
YHR087W,YJR135C,,,,,YJL122W,YNR020C,,,,YIL160C,YMR251W,YBR220C
YIL022W,YKL080W,,,,,YJL126W,YNR030W,,,,YLR375W,YNR059W,YDL028C
YIL103W,YKL099C,,,,,YJL137C,YNR035C,,,,YLR457C,YOL132W,YDL115C
YIR018W,YKL103C,,,,,YJR015W,YNR043W,,,,YMR286W,,YDL169C
YJL107C,YKL170W,,,,,YJR052W,YNR069C,,,,YPL255W,,YDR007W
YJL127C-B,YLR170C,,,,,YKL074C,YOL011W,,,,,,YDR032C
YJR063W,YLR287C,,,,,YKL094W,YOL065C,,,,,,YDR092W
YJR106W,YLR392C,,,,,YKL099C,YOL092W,,,,,,YDR174W
YKL161C,YML009C,,,,,YKL184W,YOL108C,,,,,,YDR256C
YKL216W,YMR036C,,,,,YKL216W,YOR077W,,,,,,YDR410C
YKR045C,YMR067C,,,,,YKR011C,YOR210W,,,,,,YDR490C
YKR056W,YMR233W,,,,,YKR106W,YOR332W,,,,,,YDR517W
YKR075C,YNL056W,,,,,YLR040C,YOR347C,,,,,,YER096W
YLR040C,YNL124W,,,,,YLR136C,YPL010W,,,,,,YER115C
YLR053C,YOL008W,,,,,YLR170C,YPL033C,,,,,,YER141W
YLR078C,YOR030W,,,,,YLR174W,YPL055C,,,,,,YER180C
YLR165C,YOR069W,,,,,YML087C,YPL144W,,,,,,YFL028C
YLR168C,YOR077W,,,,,YML120C,YPR151C,,,,,,YGL080W
YLR174W,YOR126C,,,,,YMR016C,YPR153W,,,,,,YGL158W
YLR203C,YOR128C,,,,,YMR140W,YPR154W,,,,,,YGL171W
YLR225C,YOR261C,,,,,YMR201C,YAL010C,,,,,,YGR130C
YLR234W,YOR278W,,,,,YMR213W,YAL030W,,,,,,YGR205W
YML102W,YOR280C,,,,,YMR296C,YAL059W,,,,,,YGR210C
YMR168C,YOR347C,,,,,YNL176C,YAR035W,,,,,,YHR143W-A
YMR180C,YOR375C,,,,,YNL199C,YBL016W,,,,,,YHR160C
YNL026W,YPR058W,,,,,YNL330C,YBL021C,,,,,,YIL024C
YNL040W,YPR153W,,,,,YOL108C,YBL107C,,,,,,YIL097W
YNL100W,YAL010C,,,,,YOL110W,YBR013C,,,,,,YJL059W
YNL158W,YAL030W,,,,,YOR069W,YBR137W,,,,,,YJL099W
YNL306W,YAL059W,,,,,YOR386W,YBR193C,,,,,,YJL141C
YNR069C,YBL107C,,,,,YPL033C,YBR253W,,,,,,YJL196C
YOL008W,YBR005W,,,,,YPL055C,YBR257W,,,,,,YJR069C
YOL065C,YBR022W,,,,,YPL088W,YCR046C,,,,,,YJR078W
YOL086W-A,YBR029C,,,,,YPL133C,YCR069W,,,,,,YJR095W
YOL108C,YBR037C,,,,,YPL194W,YDL120W,,,,,,YKL120W
YOL122C,YBR065C,,,,,YPL210C,YDL181W,,,,,,YKL162C
YOR030W,YBR074W,,,,,YPR151C,YDR065W,,,,,,YKR005C
YOR046C,YBR088C,,,,,YBL006C,YDR090C,,,,,,YKR060W
YOR126C,YBR137W,,,,,YBL016W,YDR121W,,,,,,YKR080W
YOR253W,YBR147W,,,,,YBL069W,YDR145W,,,,,,YLR001C
YOR332W,YBR257W,,,,,YBR013C,YDR156W,,,,,,YLR016C
YPL066W,YCR094W,,,,,YBR029C,YDR363W-A,,,,,,YLR063W
YPL133C,YDL085C-A,,,,,YBR037C,YDR478W,,,,,,YLR085C
YPL210C,YDL089W,,,,,YBR050C,YDR480W,,,,,,YLR103C
YPL224C,YDL121C,,,,,YBR065C,YDR532C,,,,,,YLR113W
YPL243W,YDL203C,,,,,YCR015C,YEL006W,,,,,,YLR204W
YPR037C,YDR065W,,,,,YCR069W,YER012W,,,,,,YLR226W
YPR061C,YDR116C,,,,,YDL129W,YER161C,,,,,,YLR286C
YPR108W-A,YDR121W,,,,,YDR073W,YER163C,,,,,,YLR312C
YAL020C,YDR148C,,,,,YDR090C,YFL029C,,,,,,YLR321C
YAL030W,YDR156W,,,,,YDR121W,YFL045C,,,,,,YMR092C
YBL006C,YDR332W,,,,,YDR346C,YFL052W,,,,,,YMR230W-A
YBL107C,YDR386W,,,,,YEL050C,YFR027W,,,,,,YMR315W
YBR050C,YDR399W,,,,,YEL056W,YGL018C,,,,,,YNL062C
YBR061C,YDR514C,,,,,YEL063C,YGL082W,,,,,,YNL173C
YBR065C,YDR515W,,,,,YER023W,YGL155W,,,,,,YNL177C
YBR088C,YER071C,,,,,YER067W,YGR016W,,,,,,YNL218W
YBR141C,YER094C,,,,,YER071C,YGR035C,,,,,,YNR063W
YBR253W,YER180C-A,,,,,YER080W,YGR043C,,,,,,YOL056W
YCR005C,YER186C,,,,,YER186C,YGR167W,,,,,,YOL080C
YCR083W,YFL017C,,,,,YFL029C,YGR193C,,,,,,YOL095C
YDL105W,YFR003C,,,,,YGL058W,YGR208W,,,,,,YOL129W
YDL120W,YFR027W,,,,,YGL063W,YGR254W,,,,,,YOL151W
YDL121C,YGL082W,,,,,YGL185C,YGR267C,,,,,,YOR115C
YDL129W,YGL258W,,,,,YGL258W,YHR017W,,,,,,YOR156C
YDL181W,YGR206W,,,,,YGR101W,YHR046C,,,,,,YOR226C
YDR065W,YHR075C,,,,,YGR127W,YHR071W,,,,,,YPL107W
YDR090C,YHR101C,,,,,YGR197C,YHR101C,,,,,,YPL233W
YDR116C,YHR110W,,,,,YGR208W,YHR140W,,,,,,YPR138C
YDR237W,YIL009C-A,,,,,YGR262C,YHR181W,,,,,,YCR036W
YDR249C,YIL057C,,,,,YHR008C,YHR191C,,,,,,YCR084C
YDR321W,YJL033W,,,,,YHR076W,YIL009C-A,,,,,,YCR106W
YDR363W-A,YJL060W,,,,,YHR181W,YIL051C,,,,,,YDL101C
YDR399W,YJL145W,,,,,YIL051C,YIL087C,,,,,,YDR044W
YDR478W,YJL217W,,,,,YIL057C,YIL132C,,,,,,YDR087C
YEL006W,YJR101W,,,,,YJL155C,YIL157C,,,,,,YDR202C
YER094C,YJR142W,,,,,YJL208C,YJL063C,,,,,,YDR311W
YER161C,YKL071W,,,,,YJL209W,YJR104C,,,,,,YDR373W
YER163C,YKL086W,,,,,YJR104C,YKL071W,,,,,,YDR465C
YFL027C,YKL214C,,,,,YKL087C,YKL086W,,,,,,YGL041C-B
YFL045C,YKR049C,,,,,YKL137W,YKL214C,,,,,,YGR077C
YGL018C,YKR104W,,,,,YKL191W,YKL221W,,,,,,YGR132C
YGL037C,YLL038C,,,,,YKR035W-A,YKR035W-A,,,,,,YHR005C
YGL067W,YLR021W,,,,,YKR049C,YKR037C,,,,,,YHR048W
YGL155W,YLR100W,,,,,YKR085C,YKR070W,,,,,,YHR202W
YGR004W,YLR201C,,,,,YLL038C,YLL046C,,,,,,YIL089W
YGR035C,YLR238W,,,,,YLR070C,YLR021W,,,,,,YJL003W
YGR053C,YLR356W,,,,,YLR141W,YLR120C,,,,,,YJL090C
YGR177C,YLR363W-A,,,,,YML019W,YLR201C,,,,,,YJL160C
YGR193C,YMR104C,,,,,YML081C-A,YLR390W,,,,,,YJR112W-A
YGR232W,YMR224C,,,,,YML098W,YLR408C,,,,,,YKR041W
YHR101C,YMR234W,,,,,YMR065W,YLR443W,,,,,,YLL055W
YHR110W,YMR289W,,,,,YMR079W,YML081C-A,,,,,,YLR023C
YIL009C-A,YMR292W,,,,,YMR096W,YML098W,,,,,,YLR104W
YIL099W,YMR297W,,,,,YMR166C,YMR065W,,,,,,YLR313C
YIL106W,YNL010W,,,,,YMR244C-A,YMR069W,,,,,,YLR461W
YIL132C,YNL058C,,,,,YMR270C,YMR079W,,,,,,YML029W
YJL023C,YNL113W,,,,,YNL005C,YMR085W,,,,,,YML054C-A
YJL096W,YNL152W,,,,,YNL032W,YMR096W,,,,,,YML066C
YJL104W,YNL274C,,,,,YNL265C,YMR289W,,,,,,YML107C
YJL194W,YNL277W,,,,,YNL277W,YMR292W,,,,,,YMR117C
YJL208C,YOL071W,,,,,YNL336W,YNL010W,,,,,,YMR244W
YJL210W,YOL104C,,,,,YNR027W,YNL113W,,,,,,YNL128W
YJL217W,YOL147C,,,,,YNR057C,YNL152W,,,,,,YNL270C
YJR101W,YOL162W,,,,,YOL013W-A,YNL191W,,,,,,YNL284C
YJR115W,YOR004W,,,,,YOL072W,YNL252C,,,,,,YOL143C
YJR141W,YOR008C-A,,,,,YOR039W,YNL281W,,,,,,YOR232W
YKL087C,YOR062C,,,,,YOR080W,YNL290W,,,,,,YOR238W
YKL116C,YOR177C,,,,,YOR164C,YNL292W,,,,,,YOR242C
YKL145W,YOR288C,,,,,YOR250C,YNR032C-A,,,,,,YOR305W
YKL159C,YPL013C,,,,,YOR288C,YNR057C,,,,,,YOR324C
YKR037C,YPL092W,,,,,YPL130W,YOL013W-A,,,,,,YPL052W
YKR049C,YPL121C,,,,,YPL188W,YOL071W,,,,,,YPL100W
YKR070W,YPL196W,,,,,YPR013C,YOL104C,,,,,,YPL109C
YLL038C,YPR108W,,,,,YBL018C,YOL111C,,,,,,YPR009W
YLR120C,YPR176C,,,,,YBL086C,YOL147C,,,,,,YPR107C
YLR141W,YAL018C,,,,,YBR186W,YOR008C-A,,,,,,YCL004W
YLR251W,YAL028W,,,,,YBR246W,YOR039W,,,,,,YCR076C
YLR390W,YAR023C,,,,,YCL010C,YOR040W,,,,,,YDR179W-A
YLR408C,YBL057C,,,,,YCR024C,YOR074C,,,,,,YDR228C
YLR426W,YBR007C,,,,,YDL110C,YOR131C,,,,,,YDR498C
YML098W,YBR043C,,,,,YDL138W,YOR161C,,,,,,YEL052W
YMR034C,YBR063C,,,,,YDL146W,YOR236W,,,,,,YGL057C
YMR069W,YBR085C-A,,,,,YDL166C,YOR285W,,,,,,YGR278W
YMR085W,YBR125C,,,,,YDL176W,YOR344C,,,,,,YHR111W
YMR094W,YBR196C-B,,,,,YDL200C,YPL041C,,,,,,YIL160C
YMR183C,YBR234C,,,,,YDR041W,YPL130W,,,,,,YLR082C
YMR194C-B,YBR254C,,,,,YDR045C,YPL244C,,,,,,YLR102C
YNL240C,YCL001W,,,,,YDR049W,YPR159C-A,,,,,,YLR262C-A
YNL265C,YCR016W,,,,,YDR152W,YAR023C,,,,,,YMR267W
YNL274C,YDL217C,,,,,YDR163W,YBL002W,,,,,,YNL293W
YNR027W,YDL219W,,,,,YDR174W,YBL086C,,,,,,YNL307C
YOL053W,YDR003W,,,,,YDR177W,YBR020W,,,,,,YNL326C
YOL071W,YDR041W,,,,,YDR181C,YBR024W,,,,,,YOL132W
YOL072W,YDR059C,,,,,YDR244W,YBR120C,,,,,,YOR213C
YOL111C,YDR152W,,,,,YER141W,YBR155W,,,,,,YPL139C
YOR039W,YDR397C,,,,,YFL016C,YBR196C-B,,,,,,YPR180W
YOR262W,YDR425W,,,,,YFL026W,YBR234C,,,,,,
YOR285W,YDR517W,,,,,YGL154C,YBR250W,,,,,,
YPL041C,YER061C,,,,,YGL202W,YBR254C,,,,,,
YPL121C,YER115C,,,,,YGL259W,YBR291C,,,,,,
YPR013C,YFR049W,,,,,YGR015C,YCR024C,,,,,,
YPR176C,YFR050C,,,,,YGR038W,YDL046W,,,,,,
YAL015C,YGL099W,,,,,YGR072W,YDL110C,,,,,,
YAR027W,YGL121C,,,,,YGR146C-A,YDL144C,,,,,,
YBR002C,YGL235W,,,,,YGR252W,YDL166C,,,,,,
YBR024W,YGL242C,,,,,YHL039W,YDL200C,,,,,,
YBR070C,YGR130C,,,,,YHR033W,YDR032C,,,,,,
YBR085C-A,YGR131W,,,,,YHR034C,YDR045C,,,,,,
YBR120C,YGR174W-A,,,,,YHR182W,YDR059C,,,,,,
YBR130C,YHR039C,,,,,YIL152W,YDR162C,,,,,,
YBR196C-B,YHR118C,,,,,YIL154C,YDR163W,,,,,,
YBR220C,YHR143W-A,,,,,YIR015W,YDR178W,,,,,,
YBR236C,YHR179W,,,,,YJL046W,YDR256C,,,,,,
YCR016W,YIL003W,,,,,YJL100W,YDR268W,,,,,,
YCR024C,YIL154C,,,,,YJR022W,YDR347W,,,,,,
YDL028C,YJL037W,,,,,YKL024C,YDR397C,,,,,,
YDL046W,YJL100W,,,,,YKL107W,YDR410C,,,,,,
YDL059C,YJL103C,,,,,YKR005C,YDR510W,,,,,,
YDL146W,YJR060W,,,,,YKR060W,YDR517W,,,,,,
YDL168W,YJR116W,,,,,YLL009C,YDR541C,,,,,,
YDL219W,YKL047W,,,,,YLL025W,YEL016C,,,,,,
YDR178W,YKL095W,,,,,YLL033W,YER115C,,,,,,
YDR181C,YKL120W,,,,,YLL035W,YER148W,,,,,,
YDR183W,YLR043C,,,,,YLR246W,YFR049W,,,,,,
YDR256C,YLR063W,,,,,YLR283W,YFR050C,,,,,,
YDR268W,YLR147C,,,,,YLR364W,YGL043W,,,,,,
YDR347W,YLR325C,,,,,YLR438C-A,YGL080W,,,,,,
YDR541C,YLR412C-A,,,,,YML038C,YGL099W,,,,,,
YER180C,YML021C,,,,,YML079W,YGL121C,,,,,,
YFL026W,YML038C,,,,,YML094W,YGL159W,,,,,,
YFL028C,YML069W,,,,,YML116W,YGL194C,,,,,,
YGL159W,YMR171C,,,,,YMR121C,YGR015C,,,,,,
YGL194C,YMR215W,,,,,YMR139W,YGR042W,,,,,,
YGL242C,YMR230W-A,,,,,YMR144W,YGR131W,,,,,,
YGL259W,YNL090W,,,,,YMR230W-A,YGR204C-A,,,,,,
YGR015C,YNL149C,,,,,YNL138W,YGR207C,,,,,,
YGR020C,YNL153C,,,,,YNL157W,YGR209C,,,,,,
YGR038W,YNL173C,,,,,YNL173C,YGR286C,,,,,,
YGR174W-A,YNL177C,,,,,YNL269W,YHR049W,,,,,,
YGR204C-A,YNL202W,,,,,YNL315C,YHR051W,,,,,,
YGR205W,YNR003C,,,,,YNL332W,YHR143W-A,,,,,,
YGR209C,YNR029C,,,,,YNR029C,YHR160C,,,,,,
YGR236C,YNR038W,,,,,YNR063W,YHR167W,,,,,,
YHL039W,YOL043C,,,,,YNR064C,YHR192W,,,,,,
YHR034C,YOL056W,,,,,YOR022C,YHR210C,,,,,,
YHR049W,YOL077W-A,,,,,YOR159C,YIL003W,,,,,,
YHR167W,YOL107W,,,,,YOR220W,YIL004C,,,,,,
YHR179W,YOR137C,,,,,YOR367W,YIL044C,,,,,,
YHR192W,YOR293C-A,,,,,YOR376W-A,YIL127C,,,,,,
YIL024C,YPL107W,,,,,YPL096W,YIR004W,,,,,,
YIL044C,YPL108W,,,,,YPL108W,YIR015W,,,,,,
YIL154C,YPL213W,,,,,YPL134C,YJL055W,,,,,,
YIR004W,YPR075C,,,,,YPL193W,YJR024C,,,,,,
YIR015W,YPR085C,,,,,YPL208W,YJR057W,,,,,,
YJL037W,YAR002C-A,,,,,YAR015W,YJR060W,,,,,,
YJL055W,YBL068W,,,,,YCR019W,YJR082C,,,,,,
YJL153C,YBR076W,,,,,YCR095W-A,YJR116W,,,,,,
YJL184W,YBR217W,,,,,YDL069C,YKL021C,,,,,,
YJR048W,YCR036W,,,,,YDL107W,YKL024C,,,,,,
YJR057W,YDL040C,,,,,YDR044W,YKL040C,,,,,,
YJR060W,YDL064W,,,,,YDR222W,YKL167C,,,,,,
YJR080C,YDL114W,,,,,YDR246W-A,YLL025W,,,,,,
YJR095W,YDL135C,,,,,YDR373W,YLR016C,,,,,,
YKL085W,YDL211C,,,,,YDR529C,YLR038C,,,,,,
YKL107W,YDR179C,,,,,YEL004W,YLR066W,,,,,,
YKL167C,YDR202C,,,,,YFL044C,YLR254C,,,,,,
YKR005C,YDR222W,,,,,YGL019W,YLR283W,,,,,,
YLL006W-A,YDR359C,,,,,YGR129W,YLR438C-A,,,,,,
YLL035W,YDR460W,,,,,YGR132C,YML079W,,,,,,
YLL056C,YEL029C,,,,,YHL042W,YML094W,,,,,,
YLR016C,YGL117W,,,,,YHR108W,YML101C,,,,,,
YLR020C,YGL231C,,,,,YHR176W,YMR013W-A,,,,,,
YLR063W,YGR220C,,,,,YIL138C,YMR144W,,,,,,
YLR066W,YHL013C,,,,,YJL003W,YMR314W,,,,,,
YLR093C,YHR086W-A,,,,,YJR025C,YNL015W,,,,,,
YLR254C,YHR133C,,,,,YJR098C,YNL079C,,,,,,
YLR321C,YHR157W,,,,,YJR120W,YNL157W,,,,,,
YLR325C,YHR176W,,,,,YJR133W,YNL162W-A,,,,,,
YLR346C,YIL089W,,,,,YJR152W,YNL202W,,,,,,
YML014W,YIL098C,,,,,YKL049C,YOL097W-A,,,,,,
YML094W,YIL124W,,,,,YLR190W,YOL107W,,,,,,
YML116W,YIL138C,,,,,YLR268W,YOL129W,,,,,,
YMR018W,YJL003W,,,,,YLR284C,YOL133W,,,,,,
YMR121C,YJR120W,,,,,YLR327C,YOR100C,,,,,,
YMR139W,YKL023W,,,,,YML029W,YOR159C,,,,,,
YMR156C,YKL061W,,,,,YMR119W,YOR226C,,,,,,
YMR291W,YKR041W,,,,,YNL133C,YOR297C,,,,,,
YMR314W,YLL007C,,,,,YNL263C,YOR339C,,,,,,
YNL003C,YLL023C,,,,,YNL309W,YOR367W,,,,,,
YNL149C,YLR009W,,,,,YNL316C,YOR376W-A,,,,,,
YNL162W-A,YLR327C,,,,,YNR066C,YPL134C,,,,,,
YNL204C,YLR405W,,,,,YOR179C,YPL166W,,,,,,
YNR003C,YML054C-A,,,,,YOR242C,YPL193W,,,,,,
YNR064C,YML107C,,,,,YOR305W,YPR015C,,,,,,
YOL077W-A,YMR001C-A,,,,,YPL052W,YPR017C,,,,,,
YOL080C,YMR147W,,,,,YPL098C,YPR067W,,,,,,
YOL082W,YMR294W,,,,,YPL138C,YPR101W,,,,,,
YOL097W-A,YMR312W,,,,,YPL229W,YPR196W,,,,,,
YOL151W,YNL213C,,,,,YPL236C,YBR018C,,,,,,
YOL164W,YNL316C,,,,,YPR182W,YBR076W,,,,,,
YOR094W,YOL096C,,,,,YAL044C,YCR019W,,,,,,
YOR106W,YOL140W,,,,,YAL064C-A,YCR095W-A,,,,,,
YOR201C,YOR196C,,,,,YBR158W,YDL055C,,,,,,
YOR286W,YOR229W,,,,,YCR076C,YDL064W,,,,,,
YOR297C,YOR238W,,,,,YDR003W-A,YDL123W,,,,,,
YOR339C,YOR324C,,,,,YDR312W,YDR087C,,,,,,
YPL096W,YOR358W,,,,,YDR453C,YDR101C,,,,,,
YPL213W,YPL086C,,,,,YEL049W,YDR202C,,,,,,
YPR015C,YPR068C,,,,,YEL052W,YDR357C,,,,,,
YPR067W,YPR107C,,,,,YFL041W-A,YEL019C,,,,,,
YPR101W,YPR166C,,,,,YFR047C,YFL044C,,,,,,
YPR138C,YPR182W,,,,,YHR136C,YGL117W,,,,,,
YBR018C,YAL064C-A,,,,,YHR188C,YGL231C,,,,,,
YBR217W,YCR028C-A,,,,,YIL160C,YGR066C,,,,,,
YBR258C,YCR100C,,,,,YKL190W,YGR143W,,,,,,
YCR036W,YDL027C,,,,,YLR011W,YGR154C,,,,,,
YCR090C,YDL087C,,,,,YLR068W,YHR059W,,,,,,
YDL211C,YDR003W-A,,,,,YLR395C,YHR086W-A,,,,,,
YDR087C,YDR139C,,,,,YML127W,YIL098C,,,,,,
YDR246W-A,YDR367W,,,,,YMR251W,YIL145C,,,,,,
YDR460W,YER022W,,,,,YMR267W,YJL024C,,,,,,
YDR529C,YER059W,,,,,YMR302C,YJL065C,,,,,,
YEL004W,YGL057C,,,,,YNL307C,YJR055W,,,,,,
YEL019C,YGL179C,,,,,YNL314W,YJR120W,,,,,,
YER050C,YGL233W,,,,,YNR059W,YKL023W,,,,,,
YER055C,YHL044W,,,,,YOR059C,YKL061W,,,,,,
YFR017C,YIL002C,,,,,YOR104W,YKL084W,,,,,,
YGR105W,YIL146C,,,,,YOR216C,YKL154W,,,,,,
YGR129W,YLR375W,,,,,,YLR126C,,,,,,
YGR154C,YML013W,,,,,,YLR164W,,,,,,
YGR220C,YML083C,,,,,,YLR211C,,,,,,
YHL013C,YMR286W,,,,,,YLR239C,,,,,,
YHR059W,YMR302C,,,,,,YLR449W,,,,,,
YJL024C,YNL293W,,,,,,YML054C-A,,,,,,
YJL160C,YNR050C,,,,,,YMR001C-A,,,,,,
YJR098C,YOR104W,,,,,,YMR147W,,,,,,
YJR133W,YOR186W,,,,,,YNL182C,,,,,,
YKL027W,YPL018W,,,,,,YNR068C,,,,,,
YKL061W,YPL201C,,,,,,YOL096C,,,,,,
YKL084W,YPL255W,,,,,,YOL143C,,,,,,
YLR107W,YPR127W,,,,,,YOR070C,,,,,,
YLR164W,YPR158W,,,,,,YOR130C,,,,,,
YLR190W,YPR188C,,,,,,YOR304C-A,,,,,,
YLR268W,,,,,,,YPL098C,,,,,,
YLR324W,,,,,,,YPL099C,,,,,,
YLR327C,,,,,,,YPL236C,,,,,,
YLR405W,,,,,,,YPR009W,,,,,,
YLR461W,,,,,,,YPR166C,,,,,,
YMR147W,,,,,,,YAL064C-A,,,,,,
YMR244W,,,,,,,YBR103W,,,,,,
YMR322C,,,,,,,YBR107C,,,,,,
YNL128W,,,,,,,YCL016C,,,,,,
YNL133C,,,,,,,YCR059C,,,,,,
YNL284C,,,,,,,YDR194W-A,,,,,,
YOR145C,,,,,,,YDR367W,,,,,,
YOR163W,,,,,,,YEL049W,,,,,,
YOR229W,,,,,,,YEL052W,,,,,,
YOR304C-A,,,,,,,YFL041W-A,,,,,,
YOR306C,,,,,,,YGL254W,,,,,,
YPL097W,,,,,,,YGL261C,,,,,,
YPL098C,,,,,,,YHR111W,,,,,,
YPL100W,,,,,,,YIL040W,,,,,,
YPR051W,,,,,,,YKL190W,,,,,,
YPR057W,,,,,,,YLR099W-A,,,,,,
YPR166C,,,,,,,YLR262C-A,,,,,,
YBL033C,,,,,,,YLR457C,,,,,,
YBR107C,,,,,,,YMR286W,,,,,,
YBR293W,,,,,,,YNL326C,,,,,,
YCR028C-A,,,,,,,YNR047W,,,,,,
YER022W,,,,,,,YOL032W,,,,,,
YGL179C,,,,,,,YOR212W,,,,,,
YGL254W,,,,,,,YPR158W,,,,,,
YGR180C,,,,,,,,,,,,,
YGR187C,,,,,,,,,,,,,
YGR244C,,,,,,,,,,,,,
YHR136C,,,,,,,,,,,,,
YHR148W,,,,,,,,,,,,,
YIL040W,,,,,,,,,,,,,
YIL071C,,,,,,,,,,,,,
YJR058C,,,,,,,,,,,,,
YKL190W,,,,,,,,,,,,,
YKR065C,,,,,,,,,,,,,
YKR105C,,,,,,,,,,,,,
YLR059C,,,,,,,,,,,,,
YLR099W-A,,,,,,,,,,,,,
YML077W,,,,,,,,,,,,,
YNL187W,,,,,,,,,,,,,
YOL032W,,,,,,,,,,,,,
YPL255W,,,,,,,,,,,,,